category,text,tokenNumber,name,extraction,field,manualReview,imagePath
shop_signage,bringing freedom and democracy to an oil rich country near you,1037,drifella 2 #1037,metadata,94overlay,False,/Users/nickgeorge-studio/Projects/swagbound-new/swagbound-og-assets/lsw-corpus/output/drifella2/H3TxUpcGF98i2zjmmBszurVGJXRLRaUd2zRJ4rp7h2mT/image.png
npc_bark,im in love with my gf dont talk to me she has a nuclear bomb,3781,drifella 2 #3781,metadata,94overlay,False,/Users/nickgeorge-studio/Projects/swagbound-new/swagbound-og-assets/lsw-corpus/output/drifella2/H2yeoPaEbPXvH2eEL7UbipdWhvQ2e1izDC1W4J16UzF6/image.png
npc_bark,you cant beat a man that battles with himself every day,3735,drifella 2 #3735,metadata,94overlay,False,/Users/nickgeorge-studio/Projects/swagbound-new/swagbound-og-assets/lsw-corpus/output/drifella2/HHNufmLs1g8YAptrrnQwjChct8cu7M8XbijAmTzDDJit/image.png
npc_bark,i like getting my boot hole licked by nft monkeys,903,drifella 2 #903,metadata,94overlay,False,/Users/nickgeorge-studio/Projects/swagbound-new/swagbound-og-assets/lsw-corpus/output/drifella2/GedDYV92GkzgcA288hz5kpTY6zqBBAGgxEsZHHoVSDPa/image.png
npc_bark,youre in her dms im letting greed corrupt me,2458,drifella 2 #2458,metadata,94overlay,False,/Users/nickgeorge-studio/Projects/swagbound-new/swagbound-og-assets/lsw-corpus/output/drifella2/H3ASpWBb1MWez8vKwzqrhKw2y8GyZBm8khW9MViuxtwQ/image.png
npc_bark,someone with autism stole my wallet heart,6386,drifella 2 #6386,metadata,93right,False,/Users/nickgeorge-studio/Projects/swagbound-new/swagbound-og-assets/lsw-corpus/output/drifella2/HGupjnMTr2ANHhxuXXNALxYf7kUXBRYdUXsvQknx5qHq/image.png
npc_bark,house party nearby im bringing weird guys,1901,drifella 2 #1901,metadata,1background,False,/Users/nickgeorge-studio/Projects/swagbound-new/swagbound-og-assets/lsw-corpus/output/drifella2/H5SQqh9X4EkCQErVQHoEHRSECT5eLpUTNXS4KZ72yb5n/image.png
npc_bark,who needs brain cells when you have swag,9747,drifella 2 #9747,metadata,94overlay,False,/Users/nickgeorge-studio/Projects/swagbound-new/swagbound-og-assets/lsw-corpus/output/drifella2/HGpSWT5iPqW3ZEcbxZ5XEWmQsaZDdheZUGxzwtaWsc4x/image.png
shop_signage,it takes a little treat to tame a beast,8033,drifella 2 #8033,metadata,94overlay,False,/Users/nickgeorge-studio/Projects/swagbound-new/swagbound-og-assets/lsw-corpus/output/drifella2/HEYupjz6nXfEu7Q1RU4fA6BGQDutXHDyzeTpmuJ9rxNt/image.png
inspect_text,earl chart painting in my living room,7908,drifella 2 #7908,metadata,1background,False,/Users/nickgeorge-studio/Projects/swagbound-new/swagbound-og-assets/lsw-corpus/output/drifella2/HHBduQVfhXmBn9HGaSyE8D7sPXwwdQPcTwDxbyj8AqNE/image.png
item_enemy_prop_name,officer peaked another soviet comrade,1527,drifella 2 #1527,metadata,91head,False,/Users/nickgeorge-studio/Projects/swagbound-new/swagbound-og-assets/lsw-corpus/output/drifella2/GqkfgU4m79de5ZfzhkeML3HyzMH9JxmRhvzSUyQUvtE4/image.png
npc_bark,thank you lord for this here perc 30,6984,drifella 2 #6984,metadata,94overlay,False,/Users/nickgeorge-studio/Projects/swagbound-new/swagbound-og-assets/lsw-corpus/output/drifella2/GvP5JoNeyvt24Tnt73YkUhADrLqzrp9tUXToU72VgULU/image.png
npc_bark,yall dont fuck with music like i do,2201,drifella 2 #2201,metadata,94overlay,False,/Users/nickgeorge-studio/Projects/swagbound-new/swagbound-og-assets/lsw-corpus/output/drifella2/Gtx8gUca9Vyy76468RZYxyTfwL8spA2uS3E9y6yMw9x4/image.png
shop_signage,TAKE ALL YOUR MONEY OUT OF THE BANK,5549,drifella 2 #5549,metadata,1background,False,/Users/nickgeorge-studio/Projects/swagbound-new/swagbound-og-assets/lsw-corpus/output/drifella2/GjYSVrRzf4YcEwY2Hk6PvSi4D6roVGFijJTU6628eMAV/image.png
dream_milady_weirdness,wake up we gotta turn the power on,5170,drifella 2 #5170,metadata,94overlay,False,/Users/nickgeorge-studio/Projects/swagbound-new/swagbound-og-assets/lsw-corpus/output/drifella2/HKJTjMV8dXEa9gJhFytQtDYdkTLouHhVRMMi85DjmYWd/image.png
npc_bark,his ass is not a software engineer,5346,drifella 2 #5346,metadata,94overlay,False,/Users/nickgeorge-studio/Projects/swagbound-new/swagbound-og-assets/lsw-corpus/output/drifella2/H7reUHJCSehPQ9WDFPiVWCDdAut3hu6Q5mYk1efwJnUz/image.png
dream_milady_weirdness,remember who you are fighting for,3346,drifella 2 #3346,metadata,1background,False,/Users/nickgeorge-studio/Projects/swagbound-new/swagbound-og-assets/lsw-corpus/output/drifella2/H1JaT9wsyQt7kETnjLkTNBvkDW978ep43hAV9aeYzS9C/image.png
item_enemy_prop_name,community rpg shoutsout community,5549,drifella 2 #5549,metadata,93right,False,/Users/nickgeorge-studio/Projects/swagbound-new/swagbound-og-assets/lsw-corpus/output/drifella2/GjYSVrRzf4YcEwY2Hk6PvSi4D6roVGFijJTU6628eMAV/image.png
dream_milady_weirdness,i wake up i engage in tomfoolery,6233,drifella 2 #6233,metadata,94overlay,False,/Users/nickgeorge-studio/Projects/swagbound-new/swagbound-og-assets/lsw-corpus/output/drifella2/HEMTnmzsoUN6mKyFKybHCRjvrjfREf1VYgbsjxkm8sS3/image.png
item_enemy_prop_name,ceramic chambered mifella heart,6063,drifella 2 #6063,metadata,92left,False,/Users/nickgeorge-studio/Projects/swagbound-new/swagbound-og-assets/lsw-corpus/output/drifella2/Gj7osQdkREK9BjnfoHPtwfQLnT9pDKJRCq7mcQmPjJeB/image.png
item_enemy_prop_name,dark magician spiky headphones,1794,drifella 2 #1794,metadata,91head,False,/Users/nickgeorge-studio/Projects/swagbound-new/swagbound-og-assets/lsw-corpus/output/drifella2/HBPXzpdUZSNanRbstH2y3JtXZDzkFV1trBwzFGFwxsMV/image.png
item_enemy_prop_name,mangekyo sharingan right bleed,4748,drifella 2 #4748,metadata,9eyes,False,/Users/nickgeorge-studio/Projects/swagbound-new/swagbound-og-assets/lsw-corpus/output/drifella2/H2mbvLRpHeFxnBqFLrGgccBPSNWrpzMwMU14Xr2mEZQS/image.png
npc_bark,skull of mary magdeline shrine,8878,drifella 2 #8878,metadata,1background,False,/Users/nickgeorge-studio/Projects/swagbound-new/swagbound-og-assets/lsw-corpus/output/drifella2/GwkUajXGqwgVNwuXXdkgkLKG3Vbh7ZHKESK7TSxrdt9w/image.png
npc_bark,edward and bella playing chess,9090,drifella 2 #9090,metadata,94overlay,False,/Users/nickgeorge-studio/Projects/swagbound-new/swagbound-og-assets/lsw-corpus/output/drifella2/GaJuXWZbZoBRp8mNT6gN1pB3q84eyeEsUvV3h4E6zCSZ/image.png
item_enemy_prop_name,mangekyo sharingan left bleed,5544,drifella 2 #5544,metadata,9eyes,False,/Users/nickgeorge-studio/Projects/swagbound-new/swagbound-og-assets/lsw-corpus/output/drifella2/H1mv1sD7yvW2eErdLdRiHDz57XTNpBbAdiSaLK1Xr4uf/image.png
npc_bark,cannot use this item offline,2258,drifella 2 #2258,metadata,94overlay,False,/Users/nickgeorge-studio/Projects/swagbound-new/swagbound-og-assets/lsw-corpus/output/drifella2/HEogRBE2Zbt9TAGAa87Sj9MDmHAEBvy5voBbvZQzQog7/image.png
item_enemy_prop_name,vivienne westwood gem jacket,8417,drifella 2 #8417,metadata,5cloth,False,/Users/nickgeorge-studio/Projects/swagbound-new/swagbound-og-assets/lsw-corpus/output/drifella2/HEJVz74sRso9dwQZPg91K1Ka8FTJ2s3w3HN4DfsV33oZ/image.png
item_enemy_prop_name,raf simmons virginia creeper,2456,drifella 2 #2456,metadata,5cloth,False,/Users/nickgeorge-studio/Projects/swagbound-new/swagbound-og-assets/lsw-corpus/output/drifella2/HDY4mXtAVbSQKaow3eCdEBEExmDFMcHzmgTuKXDU3HnP/image.png
item_enemy_prop_name,missing no and jellyfish uap,4259,drifella 2 #4259,metadata,92left,False,/Users/nickgeorge-studio/Projects/swagbound-new/swagbound-og-assets/lsw-corpus/output/drifella2/HARKZoX7GfBXnYb6YdYE5PM1qCKQ52WokZPNtxNBXrkH/image.png
npc_bark,legendary collection dratini,6287,drifella 2 #6287,metadata,1background,False,/Users/nickgeorge-studio/Projects/swagbound-new/swagbound-og-assets/lsw-corpus/output/drifella2/GtKrB9GWiQ8QSFYqxdXLcC3VVHWQdWe2AUFNqw62gyP8/image.png
npc_bark,mc ride playing club penguin,4508,drifella 2 #4508,metadata,1background,False,/Users/nickgeorge-studio/Projects/swagbound-new/swagbound-og-assets/lsw-corpus/output/drifella2/GidjVVvbarsdiht8ShwNHPqSHY8tVDCy7yws3KsJ3BJV/image.png
item_enemy_prop_name,toon blue eyes white dragon,8772,drifella 2 #8772,metadata,92left,False,/Users/nickgeorge-studio/Projects/swagbound-new/swagbound-og-assets/lsw-corpus/output/drifella2/HGCNnwFBE5MmmW5adohCqdScQfbxEPL4qkmxy99fYZM2/image.png
item_enemy_prop_name,this picture broke my heart,9640,drifella 2 #9640,metadata,94overlay,False,/Users/nickgeorge-studio/Projects/swagbound-new/swagbound-og-assets/lsw-corpus/output/drifella2/HFcessF4HiHF2sGgic6tzR3VZQSuD5mmMP8sJcQLfhEV/image.png
npc_bark,gengar pinball sprite sheet,4570,drifella 2 #4570,metadata,1background,False,/Users/nickgeorge-studio/Projects/swagbound-new/swagbound-og-assets/lsw-corpus/output/drifella2/HF7UDg6Trhsh3SDwaY3eE7yG9ki1AHHToLYgPRcftYXo/image.png
item_enemy_prop_name,chris chan rugby longsleeve,6721,drifella 2 #6721,metadata,5cloth,False,/Users/nickgeorge-studio/Projects/swagbound-new/swagbound-og-assets/lsw-corpus/output/drifella2/HDZ3PkqF5Qw3q9BvuPXSarAy4fsxLQbLQ2xkgzdCzhKC/image.png
item_enemy_prop_name,thrashed vtg nature sweater,523,drifella 2 #523,metadata,5cloth,False,/Users/nickgeorge-studio/Projects/swagbound-new/swagbound-og-assets/lsw-corpus/output/drifella2/H7oPZiu5bDkHwCL45Kmnr6YxRKBxo86474tFFLsDThYR/image.png
npc_bark,wow it is literally me meme,6857,drifella 2 #6857,metadata,1background,False,/Users/nickgeorge-studio/Projects/swagbound-new/swagbound-og-assets/lsw-corpus/output/drifella2/H674E31R9Y56MkGz8ZnjicbZbQR1xX4XDrqK1QDsTacJ/image.png
npc_bark,be ready to fight the horde,2643,drifella 2 #2643,metadata,94overlay,False,/Users/nickgeorge-studio/Projects/swagbound-new/swagbound-og-assets/lsw-corpus/output/drifella2/H4hqirNBr4GRKkpZSWofYkjrKNgPbA3tTYoZFfiYSCeQ/image.png
item_enemy_prop_name,my girant isopod phone case,7735,drifella 2 #7735,metadata,92left,False,/Users/nickgeorge-studio/Projects/swagbound-new/swagbound-og-assets/lsw-corpus/output/drifella2/H3XcQX2MPRQxDteLWayx9MGtAHGi4wB4DM8HGs6Yi9hd/image.png
npc_bark,born to drain mud is a fuck,883,drifella 2 #883,metadata,94overlay,False,/Users/nickgeorge-studio/Projects/swagbound-new/swagbound-og-assets/lsw-corpus/output/drifella2/H327F5e2EAoj5e9r9t8tE4MYFBfsvF6j7cV6hUNrAEC6/image.png
npc_bark,white house mcdonalds order,4661,drifella 2 #4661,metadata,1background,False,/Users/nickgeorge-studio/Projects/swagbound-new/swagbound-og-assets/lsw-corpus/output/drifella2/Guxh3M8QCX3xMKYNK36mNSqSN2EBmd32JMM9UbnZfZBS/image.png
dream_milady_weirdness,praying to your flight god,7835,drifella 2 #7835,metadata,1background,False,/Users/nickgeorge-studio/Projects/swagbound-new/swagbound-og-assets/lsw-corpus/output/drifella2/H21MwR7oRTTRv2xzPgBkGb924s5JmapJa2DwTfjjse6K/image.png
npc_bark,dratini line sprite sheets,2523,drifella 2 #2523,metadata,94overlay,False,/Users/nickgeorge-studio/Projects/swagbound-new/swagbound-og-assets/lsw-corpus/output/drifella2/Gyxn7guuZMyoUsbwREDU7bTUDZ5PWtYDyVGh2HuQJh7T/image.png
dream_milady_weirdness,touching grass isnt enough,2431,drifella 2 #2431,metadata,94overlay,False,/Users/nickgeorge-studio/Projects/swagbound-new/swagbound-og-assets/lsw-corpus/output/drifella2/Gnp2q2hPkhFi3tJ8jvnSGMd7HcY1teTQcxopdLXWQkMS/image.png
item_enemy_prop_name,pissed cartman no respect,7327,drifella 2 #7327,metadata,7mouth,False,/Users/nickgeorge-studio/Projects/swagbound-new/swagbound-og-assets/lsw-corpus/output/drifella2/HHhGfBMH99f6iHoNB115wTtkK4ysaovmW6tYrkTyiHgn/image.png
item_enemy_prop_name,underverse tattered shirt,8033,drifella 2 #8033,metadata,5cloth,False,/Users/nickgeorge-studio/Projects/swagbound-new/swagbound-og-assets/lsw-corpus/output/drifella2/HEYupjz6nXfEu7Q1RU4fA6BGQDutXHDyzeTpmuJ9rxNt/image.png
shop_signage,rainbow runescape selling,2781,drifella 2 #2781,metadata,94overlay,False,/Users/nickgeorge-studio/Projects/swagbound-new/swagbound-og-assets/lsw-corpus/output/drifella2/HEMj46a51S9Z4eKc343HKS2ZPFLBVbHWrbPiSvNjw8FW/image.png
npc_bark,girls love a man in armor,6100,drifella 2 #6100,metadata,1background,False,/Users/nickgeorge-studio/Projects/swagbound-new/swagbound-og-assets/lsw-corpus/output/drifella2/HDffgKdvjCR9cCHg3YrcFXGSr18VSXMobaRp1bNGgPEF/image.png
dream_milady_weirdness,she want me cuz im normal,4307,drifella 2 #4307,metadata,94overlay,False,/Users/nickgeorge-studio/Projects/swagbound-new/swagbound-og-assets/lsw-corpus/output/drifella2/H9iHCbrC4wdQaFZa3TXNCn3Y6uRyzt7U6DxMr1krMitX/image.png
shop_signage,how to catch a milk thief,9056,drifella 2 #9056,metadata,94overlay,False,/Users/nickgeorge-studio/Projects/swagbound-new/swagbound-og-assets/lsw-corpus/output/drifella2/H6FDSkDe4yeJc2kq5cCnZS8Rm5XtPj6yWXjZZiXeHYuR/image.png
npc_bark,person who keeps gambling,7203,drifella 2 #7203,metadata,94overlay,False,/Users/nickgeorge-studio/Projects/swagbound-new/swagbound-og-assets/lsw-corpus/output/drifella2/H4YfGgF6XynofRVwyujnmLP4cwzCTNTZhYP9TcRbEnDP/image.png
npc_bark,black ops 2 speech bubble,5544,drifella 2 #5544,metadata,94overlay,False,/Users/nickgeorge-studio/Projects/swagbound-new/swagbound-og-assets/lsw-corpus/output/drifella2/H1mv1sD7yvW2eErdLdRiHDz57XTNpBbAdiSaLK1Xr4uf/image.png
item_enemy_prop_name,piss stained goblin shirt,8256,drifella 2 #8256,metadata,5cloth,False,/Users/nickgeorge-studio/Projects/swagbound-new/swagbound-og-assets/lsw-corpus/output/drifella2/GnCbPV98rEi9kba1uBKRfsBfgUfMmPJLSznt7p8ePvD1/image.png
npc_bark,rolling into the function,7866,drifella 2 #7866,metadata,94overlay,False,/Users/nickgeorge-studio/Projects/swagbound-new/swagbound-og-assets/lsw-corpus/output/drifella2/GhakFH6E1Ky1RHEKGJLnhtxjxkDiozjSqgp8S9j3TJ4P/image.png
npc_bark,conciousness energy grid,2126,drifella 2 #2126,metadata,94overlay,False,/Users/nickgeorge-studio/Projects/swagbound-new/swagbound-og-assets/lsw-corpus/output/drifella2/HJtPTNmLtGusgg6jv4wbz1SuDfiS8dExPtCa3P5s3t6G/image.png
item_enemy_prop_name,golden spiky demon grill,9726,drifella 2 #9726,metadata,7mouth,False,/Users/nickgeorge-studio/Projects/swagbound-new/swagbound-og-assets/lsw-corpus/output/drifella2/HF5sm3CwJBHaBvcUPjNNdNDzmtEzndHTy4Lbj9VLAxSq/image.png
inspect_text,drifella film screenshot,8033,drifella 2 #8033,metadata,1background,False,/Users/nickgeorge-studio/Projects/swagbound-new/swagbound-og-assets/lsw-corpus/output/drifella2/HEYupjz6nXfEu7Q1RU4fA6BGQDutXHDyzeTpmuJ9rxNt/image.png
item_enemy_prop_name,fucking spiky headphones,602,drifella 2 #602,metadata,91head,False,/Users/nickgeorge-studio/Projects/swagbound-new/swagbound-og-assets/lsw-corpus/output/drifella2/HCoPjtmczaN6dEEU51Fs6edR8DTwcfQ7dNZjPTNNY5m6/image.png
item_enemy_prop_name,marker pixel pink yellow,4084,drifella 2 #4084,metadata,3drifellabody,False,/Users/nickgeorge-studio/Projects/swagbound-new/swagbound-og-assets/lsw-corpus/output/drifella2/H6c4y5ax6vQWhxEUJjz6iFPt5qAu3iryavummamjt2kK/image.png
npc_bark,frazetta thumbnail study,4748,drifella 2 #4748,metadata,1background,False,/Users/nickgeorge-studio/Projects/swagbound-new/swagbound-og-assets/lsw-corpus/output/drifella2/H2mbvLRpHeFxnBqFLrGgccBPSNWrpzMwMU14Xr2mEZQS/image.png
npc_bark,the silence of the lambs,5739,drifella 2 #5739,metadata,1background,False,/Users/nickgeorge-studio/Projects/swagbound-new/swagbound-og-assets/lsw-corpus/output/drifella2/H28o9Gz9GqQRM4zvQCyKXzb2DPErw3ZZbumuxvEzutwd/image.png
item_enemy_prop_name,dark magician aura sword,7293,drifella 2 #7293,metadata,92left,False,/Users/nickgeorge-studio/Projects/swagbound-new/swagbound-og-assets/lsw-corpus/output/drifella2/GwcshWyacP9YskAyJiDWH9RhAvuTqDLBRd15Pfm9eaLb/image.png
item_enemy_prop_name,abstract graphite sketch,3239,drifella 2 #3239,metadata,3drifellabody,False,/Users/nickgeorge-studio/Projects/swagbound-new/swagbound-og-assets/lsw-corpus/output/drifella2/GqTUnfS2cXDJDca3twiv8oqyUn4NzxoK2oHrHTxauSGW/image.png
item_enemy_prop_name,backwards pill cyber jac,9461,drifella 2 #9461,metadata,5cloth,False,/Users/nickgeorge-studio/Projects/swagbound-new/swagbound-og-assets/lsw-corpus/output/drifella2/GoHRiXk8mL9guR9qSpbeN82enC8QGHmRKo1tAiD2NCQA/image.png
item_enemy_prop_name,bullet bill spike teeth,5170,drifella 2 #5170,metadata,7mouth,False,/Users/nickgeorge-studio/Projects/swagbound-new/swagbound-og-assets/lsw-corpus/output/drifella2/HKJTjMV8dXEa9gJhFytQtDYdkTLouHhVRMMi85DjmYWd/image.png
inspect_text,blue eyes toon painting,1052,drifella 2 #1052,metadata,1background,False,/Users/nickgeorge-studio/Projects/swagbound-new/swagbound-og-assets/lsw-corpus/output/drifella2/HFGLY4siSbFMsgCiNTTKkxz6GrtzVUQVzwUqddepRubj/image.png
item_enemy_prop_name,zip transparent leather,1849,drifella 2 #1849,metadata,3drifellabody,False,/Users/nickgeorge-studio/Projects/swagbound-new/swagbound-og-assets/lsw-corpus/output/drifella2/HEgvKBiWruNg6H14hjULR8VijLNKaBgJdd6kKaXJZxDx/image.png
inspect_text,stretched skin painting,3310,drifella 2 #3310,metadata,1background,False,/Users/nickgeorge-studio/Projects/swagbound-new/swagbound-og-assets/lsw-corpus/output/drifella2/HD1dj8dCQXnpeQ7jFbANxNJ26bKjJK69TS5deDFRVtwP/image.png
item_enemy_prop_name,apocolyptic hazmat head,795,drifella 2 #795,metadata,91head,False,/Users/nickgeorge-studio/Projects/swagbound-new/swagbound-og-assets/lsw-corpus/output/drifella2/H6ZrxwazDuFCGSsCkZ1QT4Y9jUuQ671KjHaz3R8zMDzT/image.png
inspect_text,drifella chart painting,2422,drifella 2 #2422,metadata,1background,False,/Users/nickgeorge-studio/Projects/swagbound-new/swagbound-og-assets/lsw-corpus/output/drifella2/H2C89PLEFBoL4YWe5ASMncKgbK6wZpKFZLkvBo449Jz1/image.png
item_enemy_prop_name,negative saturn scuffed,3323,drifella 2 #3323,metadata,3drifellabody,False,/Users/nickgeorge-studio/Projects/swagbound-new/swagbound-og-assets/lsw-corpus/output/drifella2/GyDDiPLaY2XmfmkEQv2LGexWXpo6NFPzbo7UGV8g25kC/image.png
item_enemy_prop_name,sony hat princess diana,8589,drifella 2 #8589,metadata,91head,False,/Users/nickgeorge-studio/Projects/swagbound-new/swagbound-og-assets/lsw-corpus/output/drifella2/Gx3dT5cDAxDX3D7ZptrsGnhi4odzX49mn1NoXJBMyjjV/image.png
item_enemy_prop_name,devil world raf simmons,643,drifella 2 #643,metadata,5cloth,False,/Users/nickgeorge-studio/Projects/swagbound-new/swagbound-og-assets/lsw-corpus/output/drifella2/GrnP6yWq1qFJ8CZkCn3JmayCpcgNuyiP485pmBzRmEik/image.png
item_enemy_prop_name,meyomme dratini drawing,5345,drifella 2 #5345,metadata,92left,False,/Users/nickgeorge-studio/Projects/swagbound-new/swagbound-og-assets/lsw-corpus/output/drifella2/GVKNgcLatCHvCEVkPMmFVD3NxqLfUQCR2pyZbZ9cuAAH/image.png
item_enemy_prop_name,chrome hearts mousetrap,5195,drifella 2 #5195,metadata,92left,False,/Users/nickgeorge-studio/Projects/swagbound-new/swagbound-og-assets/lsw-corpus/output/drifella2/GR5hiEHQ8nRbRRB7dGKUrh2seQFf9L9DUgz9VezMAJ5H/image.png
item_enemy_prop_name,vetements kanye hoodie,3735,drifella 2 #3735,metadata,5cloth,False,/Users/nickgeorge-studio/Projects/swagbound-new/swagbound-og-assets/lsw-corpus/output/drifella2/HHNufmLs1g8YAptrrnQwjChct8cu7M8XbijAmTzDDJit/image.png
item_enemy_prop_name,knit cat ear balaclava,1273,drifella 2 #1273,metadata,91head,False,/Users/nickgeorge-studio/Projects/swagbound-new/swagbound-og-assets/lsw-corpus/output/drifella2/HJ7e2FC5DQ6Rz4UxDQYyoV7MRZsJ4yLiy8XZiTH779Nj/image.png
item_enemy_prop_name,nikolai fechin glasses,3303,drifella 2 #3303,metadata,9eyes,False,/Users/nickgeorge-studio/Projects/swagbound-new/swagbound-og-assets/lsw-corpus/output/drifella2/HFmqLSgPT6Gsvwe9doQXkunWSPCjvADotqgthc642z2i/image.png
npc_bark,frazetta death dealers,8417,drifella 2 #8417,metadata,2background+,False,/Users/nickgeorge-studio/Projects/swagbound-new/swagbound-og-assets/lsw-corpus/output/drifella2/HEJVz74sRso9dwQZPg91K1Ka8FTJ2s3w3HN4DfsV33oZ/image.png
item_enemy_prop_name,abstract pastel sketch,8417,drifella 2 #8417,metadata,3drifellabody,False,/Users/nickgeorge-studio/Projects/swagbound-new/swagbound-og-assets/lsw-corpus/output/drifella2/HEJVz74sRso9dwQZPg91K1Ka8FTJ2s3w3HN4DfsV33oZ/image.png
npc_bark,explosion sprite sheet,8669,drifella 2 #8669,metadata,94overlay,False,/Users/nickgeorge-studio/Projects/swagbound-new/swagbound-og-assets/lsw-corpus/output/drifella2/HC4G2FXKT7Shdp8eaKDCF3kUuaKojiPCNzCoUspFQ3W6/image.png
item_enemy_prop_name,wrapped dratini sketch,4760,drifella 2 #4760,metadata,3drifellabody,False,/Users/nickgeorge-studio/Projects/swagbound-new/swagbound-og-assets/lsw-corpus/output/drifella2/GyMficsBruzPPSGLiCk6Q4U1GU5oqRG7c9kiHjFEm9N6/image.png
npc_bark,frazetta self portrait,5396,drifella 2 #5396,metadata,1background,False,/Users/nickgeorge-studio/Projects/swagbound-new/swagbound-og-assets/lsw-corpus/output/drifella2/GpTZqEfGJXtxrnLwd4Kdfag19knVULDKxKqstCTnc4Xw/image.png
item_enemy_prop_name,red pinnk white sketch,7208,drifella 2 #7208,metadata,3drifellabody,False,/Users/nickgeorge-studio/Projects/swagbound-new/swagbound-og-assets/lsw-corpus/output/drifella2/GpQv24b57YKMewB3opE913qGA2JGQiQktxaiD65StZMN/image.png
npc_bark,you've been liquidated,7185,drifella 2 #7185,metadata,94overlay,False,/Users/nickgeorge-studio/Projects/swagbound-new/swagbound-og-assets/lsw-corpus/output/drifella2/GpLqkm2fE8sgVaNnvdHtyxfsUdBBi5zvZUD45rbro4nD/image.png
item_enemy_prop_name,marker pixel bastard 2,726,drifella 2 #726,metadata,3drifellabody,False,/Users/nickgeorge-studio/Projects/swagbound-new/swagbound-og-assets/lsw-corpus/output/drifella2/Gmo8hAErTV4L7PAb8foeoMfRsdjPs8pC6RSmkJRVa1pd/image.png
item_enemy_prop_name,the fool rock negative,1743,drifella 2 #1743,metadata,92left,False,/Users/nickgeorge-studio/Projects/swagbound-new/swagbound-og-assets/lsw-corpus/output/drifella2/GhdqiizwBrK7J9y7uSapdZYqNxXT8yMMqj4fDa3W5baa/image.png
npc_bark,shadow wizard in hotel,3555,drifella 2 #3555,metadata,1background,False,/Users/nickgeorge-studio/Projects/swagbound-new/swagbound-og-assets/lsw-corpus/output/drifella2/GeTzveDRUBc5VYZPzonMB6kjhWzKG5fX83iiMsvtCbeP/image.png
item_enemy_prop_name,lofi distroyed sketch,9726,drifella 2 #9726,metadata,3drifellabody,False,/Users/nickgeorge-studio/Projects/swagbound-new/swagbound-og-assets/lsw-corpus/output/drifella2/HF5sm3CwJBHaBvcUPjNNdNDzmtEzndHTy4Lbj9VLAxSq/image.png
item_enemy_prop_name,thick goth lola bunny,4570,drifella 2 #4570,metadata,93right,False,/Users/nickgeorge-studio/Projects/swagbound-new/swagbound-og-assets/lsw-corpus/output/drifella2/HF7UDg6Trhsh3SDwaY3eE7yG9ki1AHHToLYgPRcftYXo/image.png
npc_bark,hieronymus bosch meme,1849,drifella 2 #1849,metadata,1background,False,/Users/nickgeorge-studio/Projects/swagbound-new/swagbound-og-assets/lsw-corpus/output/drifella2/HEgvKBiWruNg6H14hjULR8VijLNKaBgJdd6kKaXJZxDx/image.png
npc_bark,this doesnt bode well,6100,drifella 2 #6100,metadata,94overlay,False,/Users/nickgeorge-studio/Projects/swagbound-new/swagbound-og-assets/lsw-corpus/output/drifella2/HDffgKdvjCR9cCHg3YrcFXGSr18VSXMobaRp1bNGgPEF/image.png
item_enemy_prop_name,leather demon bat hat,1908,drifella 2 #1908,metadata,91head,False,/Users/nickgeorge-studio/Projects/swagbound-new/swagbound-og-assets/lsw-corpus/output/drifella2/HDDFJCBGTtLNdoRYDpZ7ZhCBQEKQsyUfKLuEq5aVSkUc/image.png
item_enemy_prop_name,ballistic hockey mask,3255,drifella 2 #3255,metadata,91head,False,/Users/nickgeorge-studio/Projects/swagbound-new/swagbound-og-assets/lsw-corpus/output/drifella2/HCkqrUGpMTWGAGoUWfhhqBM9SH7ZNKHW4oRi5xL5Xuig/image.png
npc_bark,giratina at mcdonalds,134,drifella 2 #134,metadata,1background,False,/Users/nickgeorge-studio/Projects/swagbound-new/swagbound-og-assets/lsw-corpus/output/drifella2/HBNXEoUR6PadXzbZBBMe3rExf2TgFRYwfwceJQ6xooRi/image.png
item_enemy_prop_name,i feel like dying hat,3353,drifella 2 #3353,metadata,91head,False,/Users/nickgeorge-studio/Projects/swagbound-new/swagbound-og-assets/lsw-corpus/output/drifella2/HB4HUBNamY3ErukqLKuWhmoxVMLKjnxW9mnh84hooDyw/image.png
item_enemy_prop_name,jesus vhs 911 edition,3616,drifella 2 #3616,metadata,92left,False,/Users/nickgeorge-studio/Projects/swagbound-new/swagbound-og-assets/lsw-corpus/output/drifella2/H7EQ1ZmrhUPxofBqcP9aFgeA99U9fKWzPWRVn3qbD5xJ/image.png
item_enemy_prop_name,abstract light sketch,9897,drifella 2 #9897,metadata,3drifellabody,False,/Users/nickgeorge-studio/Projects/swagbound-new/swagbound-og-assets/lsw-corpus/output/drifella2/H72Vm7fCoLcXLuobXZmCaBfGTzyrUhDPbZURAr9kSHA1/image.png
npc_bark,perfect blue bathroom,7347,drifella 2 #7347,metadata,1background,False,/Users/nickgeorge-studio/Projects/swagbound-new/swagbound-og-assets/lsw-corpus/output/drifella2/H3bBYLk4ZGnDe8ZCmEX3KdrUfFhRPmWbxNe7v8jaNqbV/image.png
npc_bark,plaguespreader zombie,693,drifella 2 #693,metadata,1background,False,/Users/nickgeorge-studio/Projects/swagbound-new/swagbound-og-assets/lsw-corpus/output/drifella2/Gu5wmzEUeywc4GwZpp2qheqn6sAqumWkiyFLSN7YU36u/image.png
npc_bark,jpeg in front of tarp,8050,drifella 2 #8050,metadata,1background,False,/Users/nickgeorge-studio/Projects/swagbound-new/swagbound-og-assets/lsw-corpus/output/drifella2/GqMAJUDstNJyWkN2u6FejeKFTdArZMVrpx9KYenT5YYG/image.png
item_enemy_prop_name,richard notkin teapot,7923,drifella 2 #7923,metadata,92left,False,/Users/nickgeorge-studio/Projects/swagbound-new/swagbound-og-assets/lsw-corpus/output/drifella2/GkDtdbLM3eHFnwDVuTaGQ1vjA46rbVrNCdPchvfGBkXq/image.png
item_enemy_prop_name,ghost and anime girl,1907,drifella 2 #1907,metadata,1background,False,/Users/nickgeorge-studio/Projects/swagbound-new/swagbound-og-assets/lsw-corpus/output/drifella2/HKCX4fw7VMPJ5SKWyMU53P3svkdVeWCkuzfXD7iFSfV6/image.png
npc_bark,the life of drifella,7908,drifella 2 #7908,metadata,94overlay,False,/Users/nickgeorge-studio/Projects/swagbound-new/swagbound-og-assets/lsw-corpus/output/drifella2/HHBduQVfhXmBn9HGaSyE8D7sPXwwdQPcTwDxbyj8AqNE/image.png
npc_bark,white dithered stars,6937,drifella 2 #6937,metadata,94overlay,False,/Users/nickgeorge-studio/Projects/swagbound-new/swagbound-og-assets/lsw-corpus/output/drifella2/HFHD3R8pjbJ6uESKxy2onrd4JeyPrMewas3RsHJrJm8E/image.png
item_enemy_prop_name,pencil zombie sketch,1543,drifella 2 #1543,metadata,3drifellabody,False,/Users/nickgeorge-studio/Projects/swagbound-new/swagbound-og-assets/lsw-corpus/output/drifella2/HGG2fiNgeW3pab1KpxJT8TGexjZoAqmiwFhZsuns2F1z/image.png
item_enemy_prop_name,btc fear greed index,7890,drifella 2 #7890,metadata,92left,False,/Users/nickgeorge-studio/Projects/swagbound-new/swagbound-og-assets/lsw-corpus/output/drifella2/HEBxsbQDNmgyG1oDveu2kTTHC4nCoYRNVp5FNe36CTCJ/image.png
npc_bark,mewtwo in red circle,8869,drifella 2 #8869,metadata,94overlay,False,/Users/nickgeorge-studio/Projects/swagbound-new/swagbound-og-assets/lsw-corpus/output/drifella2/HCGVCaatoqvPAkxD2tsmTyf78xDM3DYzeDRDQYyDFBaf/image.png
item_enemy_prop_name,evil pepe with cigar,2630,drifella 2 #2630,metadata,7mouth,False,/Users/nickgeorge-studio/Projects/swagbound-new/swagbound-og-assets/lsw-corpus/output/drifella2/HCSZjvmQ899icabXVzdeWvXz5U6SkisgHQjYr119cU4o/image.png
item_enemy_prop_name,pencil sketch dragon,4256,drifella 2 #4256,metadata,3drifellabody,False,/Users/nickgeorge-studio/Projects/swagbound-new/swagbound-og-assets/lsw-corpus/output/drifella2/HAxH54297u2NR7fSpXJGZUgi1wwKrcZf5sacTz1rb1yR/image.png
item_enemy_prop_name,thrashed pink hoodie,4256,drifella 2 #4256,metadata,5cloth,False,/Users/nickgeorge-studio/Projects/swagbound-new/swagbound-og-assets/lsw-corpus/output/drifella2/HAxH54297u2NR7fSpXJGZUgi1wwKrcZf5sacTz1rb1yR/image.png
npc_bark,batman adventures bg,8924,drifella 2 #8924,metadata,1background,False,/Users/nickgeorge-studio/Projects/swagbound-new/swagbound-og-assets/lsw-corpus/output/drifella2/HAfAiCaQar1ArfdB3T9N8HzpLe5VWZXK2q2xkopxUcji/image.png
item_enemy_prop_name,asspizza gobln shirt,7753,drifella 2 #7753,metadata,5cloth,False,/Users/nickgeorge-studio/Projects/swagbound-new/swagbound-og-assets/lsw-corpus/output/drifella2/H6kgWK5CTLikPauS5XKVXfKBj51pVM6Wt4FMdAAuCQoW/image.png
item_enemy_prop_name,akira black and gray,3619,drifella 2 #3619,metadata,5cloth,False,/Users/nickgeorge-studio/Projects/swagbound-new/swagbound-og-assets/lsw-corpus/output/drifella2/H6fyiZHfkMCLvSswMXYT1ojZ4aAzTnkeJtYBrLqnZLEE/image.png
npc_bark,i can sleep anywhere,1323,drifella 2 #1323,metadata,94overlay,False,/Users/nickgeorge-studio/Projects/swagbound-new/swagbound-og-assets/lsw-corpus/output/drifella2/H5nr1ntw4323QpBSyiwLyG2umX3mWSy8K9nLMaN55Voa/image.png
item_enemy_prop_name,leather general coat,3554,drifella 2 #3554,metadata,5cloth,False,/Users/nickgeorge-studio/Projects/swagbound-new/swagbound-og-assets/lsw-corpus/output/drifella2/H4eLfWJtP8PRn6ssjmC6AvdJuX4JjxQmjBQnL66jKaVM/image.png
npc_bark,shadow wizard goblin,5910,drifella 2 #5910,metadata,1background,False,/Users/nickgeorge-studio/Projects/swagbound-new/swagbound-og-assets/lsw-corpus/output/drifella2/H3n9BG4BcV1Z9jgizMq9VLX57wee4xMdnNCRHqMSzmVe/image.png
item_enemy_prop_name,marker pixel bastard,1037,drifella 2 #1037,metadata,3drifellabody,False,/Users/nickgeorge-studio/Projects/swagbound-new/swagbound-og-assets/lsw-corpus/output/drifella2/H3TxUpcGF98i2zjmmBszurVGJXRLRaUd2zRJ4rp7h2mT/image.png
item_enemy_prop_name,aura crown of thorns,3449,drifella 2 #3449,metadata,91head,False,/Users/nickgeorge-studio/Projects/swagbound-new/swagbound-og-assets/lsw-corpus/output/drifella2/H1fYM2pM8FvFQ6j3zbpPp2sRAB4TZXxTJcvDVm3K84Qi/image.png
item_enemy_prop_name,smudge pencil sketch,341,drifella 2 #341,metadata,3drifellabody,False,/Users/nickgeorge-studio/Projects/swagbound-new/swagbound-og-assets/lsw-corpus/output/drifella2/Gxp4U1udqn765DC5YnaJhqLRQSxrwGhTGddTPkg6RdNP/image.png
npc_bark,injection fairy lily,3162,drifella 2 #3162,metadata,1background,False,/Users/nickgeorge-studio/Projects/swagbound-new/swagbound-og-assets/lsw-corpus/output/drifella2/Gy6yaFQrNNWPZT31AGqmCB54hXxVX6HmU8oaS9ryqDcr/image.png
item_enemy_prop_name,sketch pixel bastard,1294,drifella 2 #1294,metadata,3drifellabody,False,/Users/nickgeorge-studio/Projects/swagbound-new/swagbound-og-assets/lsw-corpus/output/drifella2/Gwwdgopu9vgaVwkUiBW7VkoBDsmtLeQ8tB4xvWhhPZ7A/image.png
npc_bark,fired from mcdonalds,3913,drifella 2 #3913,metadata,94overlay,False,/Users/nickgeorge-studio/Projects/swagbound-new/swagbound-og-assets/lsw-corpus/output/drifella2/GoC4xdi6U8WShuSdhzLjjm34DNtxENRWLwAvD2vd4DT1/image.png
npc_bark,base cacoon maturity,9491,drifella 2 #9491,metadata,94overlay,False,/Users/nickgeorge-studio/Projects/swagbound-new/swagbound-og-assets/lsw-corpus/output/drifella2/GmscDxVLSEbDDQFGbndm2L1jXdHfyMZN1gnX2d5ibqM1/image.png
npc_bark,i am rooting for you,460,drifella 2 #460,metadata,1background,False,/Users/nickgeorge-studio/Projects/swagbound-new/swagbound-og-assets/lsw-corpus/output/drifella2/GcoRPhErGAg1Wc7pBJFC7Xgk1oUeHgVZ8wgzXzzeNziC/image.png
npc_bark,days never finished,8417,drifella 2 #8417,metadata,94overlay,False,/Users/nickgeorge-studio/Projects/swagbound-new/swagbound-og-assets/lsw-corpus/output/drifella2/HEJVz74sRso9dwQZPg91K1Ka8FTJ2s3w3HN4DfsV33oZ/image.png
inspect_text,bat turtle painting,3353,drifella 2 #3353,metadata,1background,False,/Users/nickgeorge-studio/Projects/swagbound-new/swagbound-og-assets/lsw-corpus/output/drifella2/HB4HUBNamY3ErukqLKuWhmoxVMLKjnxW9mnh84hooDyw/image.png
npc_bark,drifella kill scene,883,drifella 2 #883,metadata,1background,False,/Users/nickgeorge-studio/Projects/swagbound-new/swagbound-og-assets/lsw-corpus/output/drifella2/H327F5e2EAoj5e9r9t8tE4MYFBfsvF6j7cV6hUNrAEC6/image.png
dream_milady_weirdness,be different hoodie,7830,drifella 2 #7830,metadata,5cloth,False,/Users/nickgeorge-studio/Projects/swagbound-new/swagbound-og-assets/lsw-corpus/output/drifella2/H1krLUMXvNsK6RZt9esgfkDboNRY5agzk6sqg1XPDsGG/image.png
npc_bark,moogle sprite sheet,7830,drifella 2 #7830,metadata,94overlay,False,/Users/nickgeorge-studio/Projects/swagbound-new/swagbound-og-assets/lsw-corpus/output/drifella2/H1krLUMXvNsK6RZt9esgfkDboNRY5agzk6sqg1XPDsGG/image.png
inspect_text,green mist painting,619,drifella 2 #619,metadata,1background,False,/Users/nickgeorge-studio/Projects/swagbound-new/swagbound-og-assets/lsw-corpus/output/drifella2/GtpAKiYZtK5b1PLkRpmysp1pzUynxnvo2nF74SZiKHQa/image.png
dream_milady_weirdness,power ranger huddle,4801,drifella 2 #4801,metadata,1background,False,/Users/nickgeorge-studio/Projects/swagbound-new/swagbound-og-assets/lsw-corpus/output/drifella2/GrpkqH6bSSkrNmMRGBo3kGfFcNyre7wWHHMuABBxTruR/image.png
inspect_text,spiky toji painting,9463,drifella 2 #9463,metadata,1background,False,/Users/nickgeorge-studio/Projects/swagbound-new/swagbound-og-assets/lsw-corpus/output/drifella2/GoLaPSwDWuiyP3VJWm8hN9fWZCTfeEfGif1ipSAwW3Dt/image.png
inspect_text,earl chart painting,6604,drifella 2 #6604,metadata,1background,False,/Users/nickgeorge-studio/Projects/swagbound-new/swagbound-og-assets/lsw-corpus/output/drifella2/GnWoZ4J634CPCuSGuaKCz9cwWZwbmWwUi8G1F7QNipzP/image.png
npc_bark,bacon splash brush,7492,drifella 2 #7492,metadata,94overlay,False,/Users/nickgeorge-studio/Projects/swagbound-new/swagbound-og-assets/lsw-corpus/output/drifella2/HH8gyRa3cSEtDeSAtGs8VS1x1Zd6HaCxZwDpG2sTdAbP/image.png
npc_bark,ren and stimpy bg2,6115,drifella 2 #6115,metadata,1background,False,/Users/nickgeorge-studio/Projects/swagbound-new/swagbound-og-assets/lsw-corpus/output/drifella2/H3kQ1sQe9TSqK8yNza7gWe3Zp43xVjQVswn3PYE3Nhbg/image.png
npc_bark,its over were back,6207,drifella 2 #6207,metadata,94overlay,False,/Users/nickgeorge-studio/Projects/swagbound-new/swagbound-og-assets/lsw-corpus/output/drifella2/Gx1DnJxxzZ8tuhrpfpZoTxj7fBtHSYhoEihjmHdqqtwW/image.png
npc_bark,silent hill 2 crtv,471,drifella 2 #471,metadata,1background,False,/Users/nickgeorge-studio/Projects/swagbound-new/swagbound-og-assets/lsw-corpus/output/drifella2/GoM8tJ1gaHdof8NG5jXMUsqEoBYbu4sicf5wymo9Epuz/image.png
npc_bark,black ops on my tv,3630,drifella 2 #3630,metadata,1background,False,/Users/nickgeorge-studio/Projects/swagbound-new/swagbound-og-assets/lsw-corpus/output/drifella2/GeLVAs8pm7wTFhbUwUHmjWYcNFuaaPpjXXbavbNRUmdU/image.png
npc_bark,tojiba ring horror,6329,drifella 2 #6329,metadata,1background,False,/Users/nickgeorge-studio/Projects/swagbound-new/swagbound-og-assets/lsw-corpus/output/drifella2/GYQZpoxKkEYmzMaRbkxgehed75vsf6AJPEmYGatuLJH1/image.png
npc_bark,frazetta moonlight,710,drifella 2 #710,metadata,1background,False,/Users/nickgeorge-studio/Projects/swagbound-new/swagbound-og-assets/lsw-corpus/output/drifella2/GX82rjZPd5wvh1n1Un9c7L9hEJvu5CUB2aoES68dusNa/image.png
npc_bark,convenience store,2258,drifella 2 #2258,metadata,1background,False,/Users/nickgeorge-studio/Projects/swagbound-new/swagbound-og-assets/lsw-corpus/output/drifella2/HEogRBE2Zbt9TAGAa87Sj9MDmHAEBvy5voBbvZQzQog7/image.png
npc_bark,blue pokemon swag,6721,drifella 2 #6721,metadata,1background,False,/Users/nickgeorge-studio/Projects/swagbound-new/swagbound-og-assets/lsw-corpus/output/drifella2/HDZ3PkqF5Qw3q9BvuPXSarAy4fsxLQbLQ2xkgzdCzhKC/image.png
npc_bark,minecraft dungeon,3238,drifella 2 #3238,metadata,1background,False,/Users/nickgeorge-studio/Projects/swagbound-new/swagbound-og-assets/lsw-corpus/output/drifella2/HCN2X391JQpB6vZtL4SAWA8Kx2Du3WrTPTiF4peMLbft/image.png
npc_bark,pokeball necklace,8510,drifella 2 #8510,metadata,6accesory,False,/Users/nickgeorge-studio/Projects/swagbound-new/swagbound-og-assets/lsw-corpus/output/drifella2/HAJGbPQri3S7KaFaoeqrBCzquURFKRgzC5HuQ7FoqEtz/image.png
inspect_text,Stańczyk painting,4846,drifella 2 #4846,metadata,1background,False,/Users/nickgeorge-studio/Projects/swagbound-new/swagbound-og-assets/lsw-corpus/output/drifella2/H3farzKH78WvRyKN2UrWdLCSCSQvXZY5YtgQUdbxczhr/image.png
npc_bark,gaming cards pack,9101,drifella 2 #9101,metadata,1background,False,/Users/nickgeorge-studio/Projects/swagbound-new/swagbound-og-assets/lsw-corpus/output/drifella2/Gy8VENfdYyntn724NHXp6odPTW1m739cHeTQmpP23JZ2/image.png
npc_bark,church graveyards,2609,drifella 2 #2609,metadata,1background,False,/Users/nickgeorge-studio/Projects/swagbound-new/swagbound-og-assets/lsw-corpus/output/drifella2/GvexaoXUqxWbWDMqFnrLQ2YJ6mqHD689dh2pqhudK2tR/image.png
npc_bark,sonichu medallion,3110,drifella 2 #3110,metadata,6accesory,False,/Users/nickgeorge-studio/Projects/swagbound-new/swagbound-og-assets/lsw-corpus/output/drifella2/Gk37yYKxxLb3keEzb2sw5F1UEqxwVHvrqLfVT41j5Xjb/image.png
npc_bark,knight in museum,2126,drifella 2 #2126,metadata,1background,False,/Users/nickgeorge-studio/Projects/swagbound-new/swagbound-og-assets/lsw-corpus/output/drifella2/HJtPTNmLtGusgg6jv4wbz1SuDfiS8dExPtCa3P5s3t6G/image.png
npc_bark,fang reaper meme,4803,drifella 2 #4803,metadata,1background,False,/Users/nickgeorge-studio/Projects/swagbound-new/swagbound-og-assets/lsw-corpus/output/drifella2/HEqiTHRFyvCcGJcBHvEo8oSiKx8j6FsWPCXa7PzrUDFB/image.png
inspect_text,bape mape zip up,816,drifella 2 #816,metadata,5cloth,False,/Users/nickgeorge-studio/Projects/swagbound-new/swagbound-og-assets/lsw-corpus/output/drifella2/HEBMu6aA2QH65upbAi29GYNxXWZyRNdCT7S7sabyumZD/image.png
npc_bark,ashley wood girl,7890,drifella 2 #7890,metadata,1background,False,/Users/nickgeorge-studio/Projects/swagbound-new/swagbound-og-assets/lsw-corpus/output/drifella2/HEBxsbQDNmgyG1oDveu2kTTHC4nCoYRNVp5FNe36CTCJ/image.png
npc_bark,ancient mew card,662,drifella 2 #662,metadata,2background+,False,/Users/nickgeorge-studio/Projects/swagbound-new/swagbound-og-assets/lsw-corpus/output/drifella2/HDWvxh7ZugLYbw7t2Zs4j7N5gh7Csd8HbaxHs7PqidJB/image.png
npc_bark,ye net and yahoo,1723,drifella 2 #1723,metadata,1background,False,/Users/nickgeorge-studio/Projects/swagbound-new/swagbound-og-assets/lsw-corpus/output/drifella2/H9Dex8A4asKka33v5EVqRT7SBwiTvJWuSjgRK9u7Paow/image.png
npc_bark,no love deep web,4307,drifella 2 #4307,metadata,1background,False,/Users/nickgeorge-studio/Projects/swagbound-new/swagbound-og-assets/lsw-corpus/output/drifella2/H9iHCbrC4wdQaFZa3TXNCn3Y6uRyzt7U6DxMr1krMitX/image.png
npc_bark,drifella drawing,614,drifella 2 #614,metadata,1background,False,/Users/nickgeorge-studio/Projects/swagbound-new/swagbound-og-assets/lsw-corpus/output/drifella2/H9ZBuXWXzheCxb5jFgxJo57rJYVr4xYrHLEMcDkh5Urn/image.png
npc_bark,asspizza bedroom,523,drifella 2 #523,metadata,1background,False,/Users/nickgeorge-studio/Projects/swagbound-new/swagbound-og-assets/lsw-corpus/output/drifella2/H7oPZiu5bDkHwCL45Kmnr6YxRKBxo86474tFFLsDThYR/image.png
npc_bark,dark brotherhood,9056,drifella 2 #9056,metadata,1background,False,/Users/nickgeorge-studio/Projects/swagbound-new/swagbound-og-assets/lsw-corpus/output/drifella2/H6FDSkDe4yeJc2kq5cCnZS8Rm5XtPj6yWXjZZiXeHYuR/image.png
npc_bark,benny boys place,1552,drifella 2 #1552,metadata,1background,False,/Users/nickgeorge-studio/Projects/swagbound-new/swagbound-og-assets/lsw-corpus/output/drifella2/H5B56Pc4MfHZCBNcGrQCrrTDhWTkNKRC4myTV3U7XF8J/image.png
shop_signage,buying a t shirt,5064,drifella 2 #5064,metadata,5cloth,False,/Users/nickgeorge-studio/Projects/swagbound-new/swagbound-og-assets/lsw-corpus/output/drifella2/H59ySX4cKzCrGkDVHtfZffeztTeD9ikMGLAyiqNFog2v/image.png
npc_bark,mulholland drive,2458,drifella 2 #2458,metadata,1background,False,/Users/nickgeorge-studio/Projects/swagbound-new/swagbound-og-assets/lsw-corpus/output/drifella2/H3ASpWBb1MWez8vKwzqrhKw2y8GyZBm8khW9MViuxtwQ/image.png
npc_bark,brain transplant,6192,drifella 2 #6192,metadata,94overlay,False,/Users/nickgeorge-studio/Projects/swagbound-new/swagbound-og-assets/lsw-corpus/output/drifella2/GtTmGJwccNsnp3umgDNVfvvH2S8QHy8UT2dX7xX6zvxA/image.png
npc_bark,bacon fist fight,5457,drifella 2 #5457,metadata,1background,False,/Users/nickgeorge-studio/Projects/swagbound-new/swagbound-og-assets/lsw-corpus/output/drifella2/GtZTHZT2Hc9GmmWvDMioTvyY9mGPvEsXDv6mtfqkKQ1d/image.png
npc_bark,z electric chair,4456,drifella 2 #4456,metadata,2background+,False,/Users/nickgeorge-studio/Projects/swagbound-new/swagbound-og-assets/lsw-corpus/output/drifella2/GsLpcv7UYHwgUVK8jGKVRyEG8FobbmRLoMKSf9xVRAM7/image.png
dream_milady_weirdness,depr hyper real,2935,drifella 2 #2935,metadata,3drifellabody,False,/Users/nickgeorge-studio/Projects/swagbound-new/swagbound-og-assets/lsw-corpus/output/drifella2/HAsh9taot5EirL13zRL7nSJfo41r3XtGBCvNVxWYohnd/image.png
inspect_text,paintball splat,7593,drifella 2 #7593,metadata,94overlay,False,/Users/nickgeorge-studio/Projects/swagbound-new/swagbound-og-assets/lsw-corpus/output/drifella2/H2LMBmrSoWMvBrspsyeX4CbhxZSmCvEycbgY15ib2tVL/image.png
dream_milady_weirdness,derp realistic,946,drifella 2 #946,metadata,3drifellabody,False,/Users/nickgeorge-studio/Projects/swagbound-new/swagbound-og-assets/lsw-corpus/output/drifella2/H4pcUvJxLePesDx5ZUKYtDuHDKb1sqMZshSPoge4H7gE/image.png
inspect_text,memento photo,2456,drifella 2 #2456,metadata,93right,False,/Users/nickgeorge-studio/Projects/swagbound-new/swagbound-og-assets/lsw-corpus/output/drifella2/HDY4mXtAVbSQKaow3eCdEBEExmDFMcHzmgTuKXDU3HnP/image.png
inspect_text,painterly (2),9090,drifella 2 #9090,metadata,2background+,False,/Users/nickgeorge-studio/Projects/swagbound-new/swagbound-og-assets/lsw-corpus/output/drifella2/GaJuXWZbZoBRp8mNT6gN1pB3q84eyeEsUvV3h4E6zCSZ/image.png
dream_milady_weirdness,Are you real,4822,drifella 2 #4822,metadata,94overlay,False,/Users/nickgeorge-studio/Projects/swagbound-new/swagbound-og-assets/lsw-corpus/output/drifella2/HGUpPsiPvMH5FucvHyVXj5D84A4p34NkYpeMcQiPPuue/image.png
inspect_text,red painting,3042,drifella 2 #3042,metadata,3drifellabody,False,/Users/nickgeorge-studio/Projects/swagbound-new/swagbound-og-assets/lsw-corpus/output/drifella2/HAsDEsQu2K7iADeQgKKpeehifV72trMZ8gS9rUX9cVWx/image.png
shop_signage,money spread,946,drifella 2 #946,metadata,92left,False,/Users/nickgeorge-studio/Projects/swagbound-new/swagbound-og-assets/lsw-corpus/output/drifella2/H4pcUvJxLePesDx5ZUKYtDuHDKb1sqMZshSPoge4H7gE/image.png
dream_milady_weirdness,real bandage,6243,drifella 2 #6243,metadata,8nose,False,/Users/nickgeorge-studio/Projects/swagbound-new/swagbound-og-assets/lsw-corpus/output/drifella2/GwscZgdDH6KD8dRxf2Seei3yf6jd6W3X4QJbeicnwCmj/image.png
inspect_text,worm sticker,3463,drifella 2 #3463,metadata,2background+,False,/Users/nickgeorge-studio/Projects/swagbound-new/swagbound-og-assets/lsw-corpus/output/drifella2/GdnS76DYuJSTgREzxk8CZEDxrb7L7uJUMw9TpMdH6JeF/image.png
inspect_text,lynch photo,5826,drifella 2 #5826,metadata,1background,False,/Users/nickgeorge-studio/Projects/swagbound-new/swagbound-og-assets/lsw-corpus/output/drifella2/GuN6ZzQZnKR7NLrYQ7iqBA39mFTnbrQsVHTvMTonC6Zm/image.png
inspect_text,paint m hat,7923,drifella 2 #7923,metadata,91head,False,/Users/nickgeorge-studio/Projects/swagbound-new/swagbound-og-assets/lsw-corpus/output/drifella2/GkDtdbLM3eHFnwDVuTaGQ1vjA46rbVrNCdPchvfGBkXq/image.png
shop_signage,shoplifter,1972,drifella 2 #1972,metadata,5cloth,False,/Users/nickgeorge-studio/Projects/swagbound-new/swagbound-og-assets/lsw-corpus/output/drifella2/HDtwZWnMEJsQXJym3J88xkgmo3hBaZhXRmn7qt2b9ZRz/image.png
shop_signage,fire sale,3735,drifella 2 #3735,metadata,92left,False,/Users/nickgeorge-studio/Projects/swagbound-new/swagbound-og-assets/lsw-corpus/output/drifella2/HHNufmLs1g8YAptrrnQwjChct8cu7M8XbijAmTzDDJit/image.png
inspect_text,red paint,7347,drifella 2 #7347,metadata,5cloth,False,/Users/nickgeorge-studio/Projects/swagbound-new/swagbound-og-assets/lsw-corpus/output/drifella2/H3bBYLk4ZGnDe8ZCmEX3KdrUfFhRPmWbxNe7v8jaNqbV/image.png
inspect_text,painterly,5419,drifella 2 #5419,metadata,1background,False,/Users/nickgeorge-studio/Projects/swagbound-new/swagbound-og-assets/lsw-corpus/output/drifella2/GXg7SUdLTxB6WjpF5HsnNDS4vBkZse4LjFCfxNPMdRcy/image.png
shop_signage,money hat,8332,drifella 2 #8332,metadata,91head,False,/Users/nickgeorge-studio/Projects/swagbound-new/swagbound-og-assets/lsw-corpus/output/drifella2/GRjYDFa3pMMNsGbAqRNhRrbinqS5a7PELJaKHXsbD9Kw/image.png
shop_signage,moneys,7327,drifella 2 #7327,metadata,9eyes,False,/Users/nickgeorge-studio/Projects/swagbound-new/swagbound-og-assets/lsw-corpus/output/drifella2/HHhGfBMH99f6iHoNB115wTtkK4ysaovmW6tYrkTyiHgn/image.png
inspect_text,paint,7302,drifella 2 #7302,metadata,1background,False,/Users/nickgeorge-studio/Projects/swagbound-new/swagbound-og-assets/lsw-corpus/output/drifella2/HEJKJ6LmsHwqf7C8ukNQoL5LvjxyLt4jBF7XPTDX98sD/image.png
shop_signage,free,1972,drifella 2 #1972,metadata,94overlay,False,/Users/nickgeorge-studio/Projects/swagbound-new/swagbound-og-assets/lsw-corpus/output/drifella2/HDtwZWnMEJsQXJym3J88xkgmo3hBaZhXRmn7qt2b9ZRz/image.png
inspect_text,book,7735,drifella 2 #7735,metadata,1background,False,/Users/nickgeorge-studio/Projects/swagbound-new/swagbound-og-assets/lsw-corpus/output/drifella2/H3XcQX2MPRQxDteLWayx9MGtAHGi4wB4DM8HGs6Yi9hd/image.png
inspect_text,"Cafo Milano, GmbH Expiorer Hop Signin anonymous",1552,drifella 2 #1552,ocr,visible_text,True,/Users/nickgeorge-studio/Projects/swagbound-new/swagbound-og-assets/lsw-corpus/output/drifella2/H5B56Pc4MfHZCBNcGrQCrrTDhWTkNKRC4myTV3U7XF8J/image.png
shop_signage,Buyin rune kite 5ok kinghr acy,2781,drifella 2 #2781,ocr,visible_text,True,/Users/nickgeorge-studio/Projects/swagbound-new/swagbound-og-assets/lsw-corpus/output/drifella2/HEMj46a51S9Z4eKc343HKS2ZPFLBVbHWrbPiSvNjw8FW/image.png
dream_milady_weirdness,Tine is a more Godliead pilled,5271,drifella 2 #5271,ocr,visible_text,True,/Users/nickgeorge-studio/Projects/swagbound-new/swagbound-og-assets/lsw-corpus/output/drifella2/GmKTvNK7DyigokdM3CiWVZXGis1FiDzMGFy9dr9TyNm9/image.png
dream_milady_weirdness,lile is a more Godhead pilled,9491,drifella 2 #9491,ocr,visible_text,True,/Users/nickgeorge-studio/Projects/swagbound-new/swagbound-og-assets/lsw-corpus/output/drifella2/GmscDxVLSEbDDQFGbndm2L1jXdHfyMZN1gnX2d5ibqM1/image.png
dream_milady_weirdness,WE GOTTA TURN ON THE POWER!,5170,drifella 2 #5170,ocr,visible_text,True,/Users/nickgeorge-studio/Projects/swagbound-new/swagbound-og-assets/lsw-corpus/output/drifella2/HKJTjMV8dXEa9gJhFytQtDYdkTLouHhVRMMi85DjmYWd/image.png
dream_milady_weirdness,WE GOTOA TURN ON TE POWER!,619,drifella 2 #619,ocr,visible_text,True,/Users/nickgeorge-studio/Projects/swagbound-new/swagbound-og-assets/lsw-corpus/output/drifella2/GtpAKiYZtK5b1PLkRpmysp1pzUynxnvo2nF74SZiKHQa/image.png
dream_milady_weirdness,WE GOTTA TURN ON TE POWER!,4843,drifella 2 #4843,ocr,visible_text,True,/Users/nickgeorge-studio/Projects/swagbound-new/swagbound-og-assets/lsw-corpus/output/drifella2/GnqGdGKFYTKFyp1Qq614krUFEZe6azkWxuoQeERtE3fh/image.png
dream_milady_weirdness,WE GONT URN ON TSE POWER!,2627,drifella 2 #2627,ocr,visible_text,True,/Users/nickgeorge-studio/Projects/swagbound-new/swagbound-og-assets/lsw-corpus/output/drifella2/GdV1SWjDnqneQKUjAQGbmhycYeL2azFksBVdj6e5pMwu/image.png
dream_milady_weirdness,il power and consequerce,9491,drifella 2 #9491,ocr,visible_text,True,/Users/nickgeorge-studio/Projects/swagbound-new/swagbound-og-assets/lsw-corpus/output/drifella2/GmscDxVLSEbDDQFGbndm2L1jXdHfyMZN1gnX2d5ibqM1/image.png
dream_milady_weirdness,Ii power and consequence,5271,drifella 2 #5271,ocr,visible_text,True,/Users/nickgeorge-studio/Projects/swagbound-new/swagbound-og-assets/lsw-corpus/output/drifella2/GmKTvNK7DyigokdM3CiWVZXGis1FiDzMGFy9dr9TyNm9/image.png
shop_signage,it takes a little treat,8033,drifella 2 #8033,ocr,visible_text,True,/Users/nickgeorge-studio/Projects/swagbound-new/swagbound-og-assets/lsw-corpus/output/drifella2/HEYupjz6nXfEu7Q1RU4fA6BGQDutXHDyzeTpmuJ9rxNt/image.png
dream_milady_weirdness,TO EVIL PEOPLE IN POWER,2431,drifella 2 #2431,ocr,visible_text,True,/Users/nickgeorge-studio/Projects/swagbound-new/swagbound-og-assets/lsw-corpus/output/drifella2/Gnp2q2hPkhFi3tJ8jvnSGMd7HcY1teTQcxopdLXWQkMS/image.png
shop_signage,ittakes alittletreat,4661,drifella 2 #4661,ocr,visible_text,True,/Users/nickgeorge-studio/Projects/swagbound-new/swagbound-og-assets/lsw-corpus/output/drifella2/Guxh3M8QCX3xMKYNK36mNSqSN2EBmd32JMM9UbnZfZBS/image.png
shop_signage,ittakesalittletreat,4281,drifella 2 #4281,ocr,visible_text,True,/Users/nickgeorge-studio/Projects/swagbound-new/swagbound-og-assets/lsw-corpus/output/drifella2/GRCxMtcCQDimnS1RFENkeQMG7fGrQu8Rq7C9demvx3uD/image.png
dream_milady_weirdness,WAkelPLit's 2110,2627,drifella 2 #2627,ocr,visible_text,True,/Users/nickgeorge-studio/Projects/swagbound-new/swagbound-og-assets/lsw-corpus/output/drifella2/GdV1SWjDnqneQKUjAQGbmhycYeL2azFksBVdj6e5pMwu/image.png
dream_milady_weirdness,Are you real???,4822,drifella 2 #4822,ocr,visible_text,True,/Users/nickgeorge-studio/Projects/swagbound-new/swagbound-og-assets/lsw-corpus/output/drifella2/HGUpPsiPvMH5FucvHyVXj5D84A4p34NkYpeMcQiPPuue/image.png
dream_milady_weirdness,to tame a beast,3108,drifella 2 #3108,ocr,visible_text,True,/Users/nickgeorge-studio/Projects/swagbound-new/swagbound-og-assets/lsw-corpus/output/drifella2/GXvGWPEAyhSzM2ijcwKrf87h84oZexk1eZvSAnuRu8jF/image.png
shop_signage,Selling d halt,2781,drifella 2 #2781,ocr,visible_text,True,/Users/nickgeorge-studio/Projects/swagbound-new/swagbound-og-assets/lsw-corpus/output/drifella2/HEMj46a51S9Z4eKc343HKS2ZPFLBVbHWrbPiSvNjw8FW/image.png
dream_milady_weirdness,to tamea beast,4661,drifella 2 #4661,ocr,visible_text,True,/Users/nickgeorge-studio/Projects/swagbound-new/swagbound-og-assets/lsw-corpus/output/drifella2/Guxh3M8QCX3xMKYNK36mNSqSN2EBmd32JMM9UbnZfZBS/image.png
dream_milady_weirdness,TOUCHING GRASS,2431,drifella 2 #2431,ocr,visible_text,True,/Users/nickgeorge-studio/Projects/swagbound-new/swagbound-og-assets/lsw-corpus/output/drifella2/Gnp2q2hPkhFi3tJ8jvnSGMd7HcY1teTQcxopdLXWQkMS/image.png
shop_signage,Sellhng hiea,2781,drifella 2 #2781,ocr,visible_text,True,/Users/nickgeorge-studio/Projects/swagbound-new/swagbound-og-assets/lsw-corpus/output/drifella2/HEMj46a51S9Z4eKc343HKS2ZPFLBVbHWrbPiSvNjw8FW/image.png
dream_milady_weirdness,Be different,7830,drifella 2 #7830,ocr,visible_text,True,/Users/nickgeorge-studio/Projects/swagbound-new/swagbound-og-assets/lsw-corpus/output/drifella2/H1krLUMXvNsK6RZt9esgfkDboNRY5agzk6sqg1XPDsGG/image.png
dream_milady_weirdness,tame aibeast,4281,drifella 2 #4281,ocr,visible_text,True,/Users/nickgeorge-studio/Projects/swagbound-new/swagbound-og-assets/lsw-corpus/output/drifella2/GRCxMtcCQDimnS1RFENkeQMG7fGrQu8Rq7C9demvx3uD/image.png
dream_milady_weirdness,tomfoolery,6233,drifella 2 #6233,ocr,visible_text,True,/Users/nickgeorge-studio/Projects/swagbound-new/swagbound-og-assets/lsw-corpus/output/drifella2/HEMTnmzsoUN6mKyFKybHCRjvrjfREf1VYgbsjxkm8sS3/image.png
dream_milady_weirdness,YIM NORMAL,4307,drifella 2 #4307,ocr,visible_text,True,/Users/nickgeorge-studio/Projects/swagbound-new/swagbound-og-assets/lsw-corpus/output/drifella2/H9iHCbrC4wdQaFZa3TXNCn3Y6uRyzt7U6DxMr1krMitX/image.png
dream_milady_weirdness,I'M NORMAL,6804,drifella 2 #6804,ocr,visible_text,True,/Users/nickgeorge-studio/Projects/swagbound-new/swagbound-og-assets/lsw-corpus/output/drifella2/GubPMEmsB8LdJ8yFgmkPzZpTt8tZFFVd58H1pFJdqASf/image.png
dream_milady_weirdness,IM NORMAL,291,drifella 2 #291,ocr,visible_text,True,/Users/nickgeorge-studio/Projects/swagbound-new/swagbound-og-assets/lsw-corpus/output/drifella2/H2DJ5tfhH2XxHqStDk4b6HMXJsz5anxzF358P5eRaoEK/image.png
dream_milady_weirdness,wake up,6233,drifella 2 #6233,ocr,visible_text,True,/Users/nickgeorge-studio/Projects/swagbound-new/swagbound-og-assets/lsw-corpus/output/drifella2/HEMTnmzsoUN6mKyFKybHCRjvrjfREf1VYgbsjxkm8sS3/image.png
dream_milady_weirdness,Wakeful,9189,drifella 2 #9189,ocr,visible_text,True,/Users/nickgeorge-studio/Projects/swagbound-new/swagbound-og-assets/lsw-corpus/output/drifella2/H5v4weUDWCAkaCA1WcTZhsACiYFAqV8HNV8iLGyLLDJd/image.png
shop_signage,SHOPLIC,324,drifella 2 #324,ocr,visible_text,True,/Users/nickgeorge-studio/Projects/swagbound-new/swagbound-og-assets/lsw-corpus/output/drifella2/GbHMhaLjUfxfd743nYhbTBUrHsNJXmScvCiJvx1Bif4M/image.png
dream_milady_weirdness,CHOOSE,7492,drifella 2 #7492,ocr,visible_text,True,/Users/nickgeorge-studio/Projects/swagbound-new/swagbound-og-assets/lsw-corpus/output/drifella2/HH8gyRa3cSEtDeSAtGs8VS1x1Zd6HaCxZwDpG2sTdAbP/image.png
dream_milady_weirdness,beast,8033,drifella 2 #8033,ocr,visible_text,True,/Users/nickgeorge-studio/Projects/swagbound-new/swagbound-og-assets/lsw-corpus/output/drifella2/HEYupjz6nXfEu7Q1RU4fA6BGQDutXHDyzeTpmuJ9rxNt/image.png
shop_signage,MONEY,7208,drifella 2 #7208,ocr,visible_text,True,/Users/nickgeorge-studio/Projects/swagbound-new/swagbound-og-assets/lsw-corpus/output/drifella2/GpQv24b57YKMewB3opE913qGA2JGQiQktxaiD65StZMN/image.png
shop_signage,TSHOP,1297,drifella 2 #1297,ocr,visible_text,True,/Users/nickgeorge-studio/Projects/swagbound-new/swagbound-og-assets/lsw-corpus/output/drifella2/GZRcD92YPEuxzz6Q9b77gboRnumK6SDEPYovkJ3b6Nck/image.png
shop_signage,treat,3108,drifella 2 #3108,ocr,visible_text,True,/Users/nickgeorge-studio/Projects/swagbound-new/swagbound-og-assets/lsw-corpus/output/drifella2/GXvGWPEAyhSzM2ijcwKrf87h84oZexk1eZvSAnuRu8jF/image.png
dream_milady_weirdness,Wake,9189,drifella 2 #9189,ocr,visible_text,True,/Users/nickgeorge-studio/Projects/swagbound-new/swagbound-og-assets/lsw-corpus/output/drifella2/H5v4weUDWCAkaCA1WcTZhsACiYFAqV8HNV8iLGyLLDJd/image.png
shop_signage,SHOP,4508,drifella 2 #4508,ocr,visible_text,True,/Users/nickgeorge-studio/Projects/swagbound-new/swagbound-og-assets/lsw-corpus/output/drifella2/GidjVVvbarsdiht8ShwNHPqSHY8tVDCy7yws3KsJ3BJV/image.png
mature_review,youre a fag and your shits all retarded,2036,drifella 2 #2036,metadata,94overlay,True,/Users/nickgeorge-studio/Projects/swagbound-new/swagbound-og-assets/lsw-corpus/output/drifella2/HCnPzm5HLXAeCHF89Txs5MKs5be5aabbY1vBBSn3SRrp/image.png
mature_review,honor thy father bloody shirt,5911,drifella 2 #5911,metadata,5cloth,True,/Users/nickgeorge-studio/Projects/swagbound-new/swagbound-og-assets/lsw-corpus/output/drifella2/Gv8AxiujCJhZGiZ7rbJuc4VWx4ogYfLJcFVthjdprbF2/image.png
mature_review,something about us moon,2847,drifella 2 #2847,metadata,1background,True,/Users/nickgeorge-studio/Projects/swagbound-new/swagbound-og-assets/lsw-corpus/output/drifella2/GvythbPkbYZEs1yzCVJzL7513h5fXD7ZV2iitxG264dZ/image.png
mature_review,baby gray blood sketch,3544,drifella 2 #3544,metadata,3drifellabody,True,/Users/nickgeorge-studio/Projects/swagbound-new/swagbound-og-assets/lsw-corpus/output/drifella2/GrNt2UkLm69grqCe9t1u2uncCMeUgsqwznddyrKPjomH/image.png
mature_review,white gloves with gun,9640,drifella 2 #9640,metadata,93right,True,/Users/nickgeorge-studio/Projects/swagbound-new/swagbound-og-assets/lsw-corpus/output/drifella2/HFcessF4HiHF2sGgic6tzR3VZQSuD5mmMP8sJcQLfhEV/image.png
mature_review,stitched blood sketch,3153,drifella 2 #3153,metadata,3drifellabody,True,/Users/nickgeorge-studio/Projects/swagbound-new/swagbound-og-assets/lsw-corpus/output/drifella2/H3769YRF47Zu5DEhXs777Dh53hLtLzzqNxHqugR1WPck/image.png
mature_review,imagine fentanyl here,6604,drifella 2 #6604,metadata,94overlay,True,/Users/nickgeorge-studio/Projects/swagbound-new/swagbound-og-assets/lsw-corpus/output/drifella2/GnWoZ4J634CPCuSGuaKCz9cwWZwbmWwUi8G1F7QNipzP/image.png
mature_review,submachine gun right,8279,drifella 2 #8279,metadata,93right,True,/Users/nickgeorge-studio/Projects/swagbound-new/swagbound-og-assets/lsw-corpus/output/drifella2/GvT8BeyDLqGpGknqUJW9TR3K3P6tHXYkPefTDWsooRZd/image.png
mature_review,bloodshot tv hearts,5461,drifella 2 #5461,metadata,9eyes,True,/Users/nickgeorge-studio/Projects/swagbound-new/swagbound-og-assets/lsw-corpus/output/drifella2/HG3xBtvBXFXa4EZKDCtVYei8UgnrpLJpJDKuDGMkx8q3/image.png
mature_review,submachine gun left,1908,drifella 2 #1908,metadata,92left,True,/Users/nickgeorge-studio/Projects/swagbound-new/swagbound-og-assets/lsw-corpus/output/drifella2/HDDFJCBGTtLNdoRYDpZ7ZhCBQEKQsyUfKLuEq5aVSkUc/image.png
mature_review,BORED APE NAZI CLUB,2085,drifella 2 #2085,metadata,94overlay,True,/Users/nickgeorge-studio/Projects/swagbound-new/swagbound-og-assets/lsw-corpus/output/drifella2/HAmSqUwobRzHeQNnZRQGeN3EjM7kC8EvLPkopZdYJKmT/image.png
mature_review,shoot up the party,1849,drifella 2 #1849,metadata,94overlay,True,/Users/nickgeorge-studio/Projects/swagbound-new/swagbound-og-assets/lsw-corpus/output/drifella2/HEgvKBiWruNg6H14hjULR8VijLNKaBgJdd6kKaXJZxDx/image.png
mature_review,fortnite nerf gun,1907,drifella 2 #1907,metadata,93right,True,/Users/nickgeorge-studio/Projects/swagbound-new/swagbound-og-assets/lsw-corpus/output/drifella2/HKCX4fw7VMPJ5SKWyMU53P3svkdVeWCkuzfXD7iFSfV6/image.png
mature_review,frazetta with gun,8218,drifella 2 #8218,metadata,1background,True,/Users/nickgeorge-studio/Projects/swagbound-new/swagbound-og-assets/lsw-corpus/output/drifella2/H7m4kqQDHKrjKMxSFWSNtN7mBDuVdHGEUW9pDzbeZ4JH/image.png
mature_review,lego nazi zombies,7285,drifella 2 #7285,metadata,93right,True,/Users/nickgeorge-studio/Projects/swagbound-new/swagbound-og-assets/lsw-corpus/output/drifella2/H4JsWk4aVwrZdZyTy1YQGLzXaUW2CPCGpNDYFiKZ8GLG/image.png
mature_review,circumcision scar,3104,drifella 2 #3104,metadata,94overlay,True,/Users/nickgeorge-studio/Projects/swagbound-new/swagbound-og-assets/lsw-corpus/output/drifella2/H2ZD2DfUdAa3hHz2RunqUfy2CZNotGMdWjS6sF9TxDJG/image.png
mature_review,packapunch raygun,7835,drifella 2 #7835,metadata,93right,True,/Users/nickgeorge-studio/Projects/swagbound-new/swagbound-og-assets/lsw-corpus/output/drifella2/H21MwR7oRTTRv2xzPgBkGb924s5JmapJa2DwTfjjse6K/image.png
mature_review,based retard gang,9515,drifella 2 #9515,metadata,94overlay,True,/Users/nickgeorge-studio/Projects/swagbound-new/swagbound-og-assets/lsw-corpus/output/drifella2/GtFXUaGmv5vTLwKKH3QtqUo7p8XdchoCX21Vc4NFPnQj/image.png
mature_review,bloody margielas,8869,drifella 2 #8869,metadata,3drifellabody,True,/Users/nickgeorge-studio/Projects/swagbound-new/swagbound-og-assets/lsw-corpus/output/drifella2/HCGVCaatoqvPAkxD2tsmTyf78xDM3DYzeDRDQYyDFBaf/image.png
mature_review,multiple pistols,8701,drifella 2 #8701,metadata,92left,True,/Users/nickgeorge-studio/Projects/swagbound-new/swagbound-og-assets/lsw-corpus/output/drifella2/HBNEDQ8TdCnqqbA1pmdqGKKe9KmLMLaZLsJ4SeCBfTEy/image.png
mature_review,general with gun,1723,drifella 2 #1723,metadata,5cloth,True,/Users/nickgeorge-studio/Projects/swagbound-new/swagbound-og-assets/lsw-corpus/output/drifella2/H9Dex8A4asKka33v5EVqRT7SBwiTvJWuSjgRK9u7Paow/image.png
mature_review,anime with blood,3153,drifella 2 #3153,metadata,7mouth,True,/Users/nickgeorge-studio/Projects/swagbound-new/swagbound-og-assets/lsw-corpus/output/drifella2/H3769YRF47Zu5DEhXs777Dh53hLtLzzqNxHqugR1WPck/image.png
mature_review,rhino dick pill,5580,drifella 2 #5580,metadata,94overlay,True,/Users/nickgeorge-studio/Projects/swagbound-new/swagbound-og-assets/lsw-corpus/output/drifella2/HHwrkHmeTZHhCNwiL3ztaEd8pSasaGWhk5QERJ7iMBsv/image.png
mature_review,bisexual sketch,2647,drifella 2 #2647,metadata,3drifellabody,True,/Users/nickgeorge-studio/Projects/swagbound-new/swagbound-og-assets/lsw-corpus/output/drifella2/GvEMjham9Vb1VxUYRG3QWbu1MWZT6xpJyXfezeKZnfM4/image.png
mature_review,blood splatter,4452,drifella 2 #4452,metadata,94overlay,True,/Users/nickgeorge-studio/Projects/swagbound-new/swagbound-og-assets/lsw-corpus/output/drifella2/H6R43xvMpebjQ7AzRFMVvDf59McV7F3pYc2d2v86kBka/image.png
mature_review,swag weed girl,896,drifella 2 #896,metadata,1background,True,/Users/nickgeorge-studio/Projects/swagbound-new/swagbound-og-assets/lsw-corpus/output/drifella2/Gke97zudnfGv3oAMhMPeUTiK5BbusdPQJjh7t5w7y2dP/image.png
mature_review,bisexual plush,1370,drifella 2 #1370,metadata,3drifellabody,True,/Users/nickgeorge-studio/Projects/swagbound-new/swagbound-og-assets/lsw-corpus/output/drifella2/GkSxKHfszRfnh9G9jiHnrmRa9RQ53d3ypyFkNsdL3yM4/image.png
mature_review,shotgun reload,4628,drifella 2 #4628,metadata,93right,True,/Users/nickgeorge-studio/Projects/swagbound-new/swagbound-og-assets/lsw-corpus/output/drifella2/Gi6m3ZsfJ8sicyM8Zqxxc92xfPFUxMoAs3phkoopJq1q/image.png
mature_review,left anime gun,8011,drifella 2 #8011,metadata,92left,True,/Users/nickgeorge-studio/Projects/swagbound-new/swagbound-og-assets/lsw-corpus/output/drifella2/GZRqX2Y1a3osBrAj6HhwYi7WZ9YbjjT7BJ9NfqmTX55f/image.png
mature_review,trader retard,7492,drifella 2 #7492,metadata,5cloth,True,/Users/nickgeorge-studio/Projects/swagbound-new/swagbound-og-assets/lsw-corpus/output/drifella2/HH8gyRa3cSEtDeSAtGs8VS1x1Zd6HaCxZwDpG2sTdAbP/image.png
mature_review,assault rifle,5461,drifella 2 #5461,metadata,93right,True,/Users/nickgeorge-studio/Projects/swagbound-new/swagbound-og-assets/lsw-corpus/output/drifella2/HG3xBtvBXFXa4EZKDCtVYei8UgnrpLJpJDKuDGMkx8q3/image.png
mature_review,shoot myself,7492,drifella 2 #7492,metadata,93right,True,/Users/nickgeorge-studio/Projects/swagbound-new/swagbound-og-assets/lsw-corpus/output/drifella2/HH8gyRa3cSEtDeSAtGs8VS1x1Zd6HaCxZwDpG2sTdAbP/image.png
mature_review,bloody smile,9640,drifella 2 #9640,metadata,7mouth,True,/Users/nickgeorge-studio/Projects/swagbound-new/swagbound-og-assets/lsw-corpus/output/drifella2/HFcessF4HiHF2sGgic6tzR3VZQSuD5mmMP8sJcQLfhEV/image.png
mature_review,pussy eater,7574,drifella 2 #7574,metadata,94overlay,True,/Users/nickgeorge-studio/Projects/swagbound-new/swagbound-og-assets/lsw-corpus/output/drifella2/HANQ8dsuRDYGuR67f4nNDJMhFGV2F68oT74SrFQBifcg/image.png
mature_review,cloth blood,8786,drifella 2 #8786,metadata,3drifellabody,True,/Users/nickgeorge-studio/Projects/swagbound-new/swagbound-og-assets/lsw-corpus/output/drifella2/GqcyUoSwPrHGZJ4KyCCGHqeJSoGMh8Sz5U14bRDDTHXa/image.png
mature_review,bloody room,7688,drifella 2 #7688,metadata,1background,True,/Users/nickgeorge-studio/Projects/swagbound-new/swagbound-og-assets/lsw-corpus/output/drifella2/GWa9XhZxg3vmi3Ftv8tgBP3hXKVuFrqGcPsMvkmrELm8/image.png
mature_review,blood drip,2918,drifella 2 #2918,metadata,94overlay,True,/Users/nickgeorge-studio/Projects/swagbound-new/swagbound-og-assets/lsw-corpus/output/drifella2/HCKemwj8m7C5BVun5FZk9LPtrHFLoiRJ4rvYA5hW48DK/image.png
mature_review,blood pint,8050,drifella 2 #8050,metadata,3drifellabody,True,/Users/nickgeorge-studio/Projects/swagbound-new/swagbound-og-assets/lsw-corpus/output/drifella2/GqMAJUDstNJyWkN2u6FejeKFTdArZMVrpx9KYenT5YYG/image.png
mature_review,6 shooter,473,drifella 2 #473,metadata,92left,True,/Users/nickgeorge-studio/Projects/swagbound-new/swagbound-og-assets/lsw-corpus/output/drifella2/H7GLdKA25Ei1ENGf9vfwBQ2mJCEkNCTbVPYTFBUoiHWa/image.png
mature_review,fentanyl,9232,drifella 2 #9232,metadata,94overlay,True,/Users/nickgeorge-studio/Projects/swagbound-new/swagbound-og-assets/lsw-corpus/output/drifella2/GYWyRFvwZvvX2eQNDucGmuSdJXrwbHobDEpdCST63smS/image.png
mature_review,nes gun,693,drifella 2 #693,metadata,93right,True,/Users/nickgeorge-studio/Projects/swagbound-new/swagbound-og-assets/lsw-corpus/output/drifella2/Gu5wmzEUeywc4GwZpp2qheqn6sAqumWkiyFLSN7YU36u/image.png
mature_review,pistol,8366,drifella 2 #8366,metadata,93right,True,/Users/nickgeorge-studio/Projects/swagbound-new/swagbound-og-assets/lsw-corpus/output/drifella2/GwjSoAb7XGcAiYvJt8LMHPQLR9hHt5VSNadEj1hSid5o/image.png
mature_review,shoot,9726,drifella 2 #9726,metadata,92left,True,/Users/nickgeorge-studio/Projects/swagbound-new/swagbound-og-assets/lsw-corpus/output/drifella2/HF5sm3CwJBHaBvcUPjNNdNDzmtEzndHTy4Lbj9VLAxSq/image.png
mature_review,blood,523,drifella 2 #523,metadata,2background+,True,/Users/nickgeorge-studio/Projects/swagbound-new/swagbound-og-assets/lsw-corpus/output/drifella2/H7oPZiu5bDkHwCL45Kmnr6YxRKBxo86474tFFLsDThYR/image.png
mature_review,meth,8447,drifella 2 #8447,metadata,2background+,True,/Users/nickgeorge-studio/Projects/swagbound-new/swagbound-og-assets/lsw-corpus/output/drifella2/HHRLZDdvzWgp47G4yn8rNmHnjNmw93efj8HPXc2pL8DY/image.png
mature_review,guns,8754,drifella 2 #8754,metadata,94overlay,True,/Users/nickgeorge-studio/Projects/swagbound-new/swagbound-og-assets/lsw-corpus/output/drifella2/Gx5DHWa4vY96cSpChNbpvUs3Pwa7Qf96KhfyM41hzkvC/image.png
mature_review,weed,6832,drifella 2 #6832,metadata,3drifellabody,True,/Users/nickgeorge-studio/Projects/swagbound-new/swagbound-og-assets/lsw-corpus/output/drifella2/Gv9ZJUdeimJtJuuU1mbkQX4yuogtEXW7THtWRJF1F3hZ/image.png
mature_review,Rolling into the function over encumbered in,7866,drifella 2 #7866,ocr,visible_text,True,/Users/nickgeorge-studio/Projects/swagbound-new/swagbound-og-assets/lsw-corpus/output/drifella2/GhakFH6E1Ky1RHEKGJLnhtxjxkDiozjSqgp8S9j3TJ4P/image.png
mature_review,Ingredcnts Blood Sait Water,8050,drifella 2 #8050,ocr,visible_text,True,/Users/nickgeorge-studio/Projects/swagbound-new/swagbound-og-assets/lsw-corpus/output/drifella2/GqMAJUDstNJyWkN2u6FejeKFTdArZMVrpx9KYenT5YYG/image.png
mature_review,SHITS ALL RETARDED,2036,drifella 2 #2036,ocr,visible_text,True,/Users/nickgeorge-studio/Projects/swagbound-new/swagbound-og-assets/lsw-corpus/output/drifella2/HCnPzm5HLXAeCHF89Txs5MKs5be5aabbY1vBBSn3SRrp/image.png
mature_review,Based Retard Sang,9515,drifella 2 #9515,ocr,visible_text,True,/Users/nickgeorge-studio/Projects/swagbound-new/swagbound-og-assets/lsw-corpus/output/drifella2/GtFXUaGmv5vTLwKKH3QtqUo7p8XdchoCX21Vc4NFPnQj/image.png
mature_review,"nyl, heroin, &",2996,drifella 2 #2996,ocr,visible_text,True,/Users/nickgeorge-studio/Projects/swagbound-new/swagbound-og-assets/lsw-corpus/output/drifella2/GkkdvWsrn6p3ESjZRjayusE7JGkcZAh2mJiTGB8V6HoD/image.png
mature_review,"yl, heroin, &",8281,drifella 2 #8281,ocr,visible_text,True,/Users/nickgeorge-studio/Projects/swagbound-new/swagbound-og-assets/lsw-corpus/output/drifella2/Gr34uf81yMj3z9zU9HK2GsDRNeKtGSY8jAVcFd3ShGnf/image.png
mature_review,Nazi zombies,7285,drifella 2 #7285,ocr,visible_text,True,/Users/nickgeorge-studio/Projects/swagbound-new/swagbound-og-assets/lsw-corpus/output/drifella2/H4JsWk4aVwrZdZyTy1YQGLzXaUW2CPCGpNDYFiKZ8GLG/image.png
mature_review,circumcision,1789,drifella 2 #1789,ocr,visible_text,True,/Users/nickgeorge-studio/Projects/swagbound-new/swagbound-og-assets/lsw-corpus/output/drifella2/GhmSVr2HXVTWJmNYt35nCuUfMZp7VT8mUAVpBQUNFS4q/image.png
mature_review,Nazi z ombi,3444,drifella 2 #3444,ocr,visible_text,True,/Users/nickgeorge-studio/Projects/swagbound-new/swagbound-og-assets/lsw-corpus/output/drifella2/GtzxDiPWtorqzAsN6yoLxUg6AB2fMi97VmHjwUvpzvjU/image.png
mature_review,Blood Curd,8050,drifella 2 #8050,ocr,visible_text,True,/Users/nickgeorge-studio/Projects/swagbound-new/swagbound-og-assets/lsw-corpus/output/drifella2/GqMAJUDstNJyWkN2u6FejeKFTdArZMVrpx9KYenT5YYG/image.png
mature_review,NAZI CLUB,2085,drifella 2 #2085,ocr,visible_text,True,/Users/nickgeorge-studio/Projects/swagbound-new/swagbound-og-assets/lsw-corpus/output/drifella2/HAmSqUwobRzHeQNnZRQGeN3EjM7kC8EvLPkopZdYJKmT/image.png
mature_review,glockette,7526,drifella 2 #7526,ocr,visible_text,True,/Users/nickgeorge-studio/Projects/swagbound-new/swagbound-og-assets/lsw-corpus/output/drifella2/H4xY6Mf5G54jZvaQT4X1g8Qr74NG1D59dB6GHp96hCnj/image.png
mature_review,NAZICLUB,3063,drifella 2 #3063,ocr,visible_text,True,/Users/nickgeorge-studio/Projects/swagbound-new/swagbound-og-assets/lsw-corpus/output/drifella2/H1GZB2QDJ9FbDkLm4pqCnj25yiyLFc52uoo1UFM6Evch/image.png
mature_review,retard,7492,drifella 2 #7492,ocr,visible_text,True,/Users/nickgeorge-studio/Projects/swagbound-new/swagbound-og-assets/lsw-corpus/output/drifella2/HH8gyRa3cSEtDeSAtGs8VS1x1Zd6HaCxZwDpG2sTdAbP/image.png
battle_status_text,someone with autism stole my wallet heart,6386,drifella 2 #6386,metadata,93right,False,/Users/nickgeorge-studio/Projects/swagbound-new/swagbound-og-assets/lsw-corpus/output/drifella2/HGupjnMTr2ANHhxuXXNALxYf7kUXBRYdUXsvQknx5qHq/image.png
battle_status_text,heart hands,3735,drifella 2 #3735,metadata,93right,False,/Users/nickgeorge-studio/Projects/swagbound-new/swagbound-og-assets/lsw-corpus/output/drifella2/HHNufmLs1g8YAptrrnQwjChct8cu7M8XbijAmTzDDJit/image.png
battle_status_text,this picture broke my heart,9640,drifella 2 #9640,metadata,94overlay,False,/Users/nickgeorge-studio/Projects/swagbound-new/swagbound-og-assets/lsw-corpus/output/drifella2/HFcessF4HiHF2sGgic6tzR3VZQSuD5mmMP8sJcQLfhEV/image.png
battle_status_text,girls heart my swag,9780,drifella 2 #9780,metadata,5cloth,False,/Users/nickgeorge-studio/Projects/swagbound-new/swagbound-og-assets/lsw-corpus/output/drifella2/HFsfsJY9fhsuGL8vXLmiCxNLUujBVq3g2T692BF1oxgP/image.png
battle_status_text,Are you real,4822,drifella 2 #4822,metadata,94overlay,False,/Users/nickgeorge-studio/Projects/swagbound-new/swagbound-og-assets/lsw-corpus/output/drifella2/HGUpPsiPvMH5FucvHyVXj5D84A4p34NkYpeMcQiPPuue/image.png
battle_status_text,i wake up i engage in tomfoolery,6233,drifella 2 #6233,metadata,94overlay,False,/Users/nickgeorge-studio/Projects/swagbound-new/swagbound-og-assets/lsw-corpus/output/drifella2/HEMTnmzsoUN6mKyFKybHCRjvrjfREf1VYgbsjxkm8sS3/image.png
battle_status_text,cdg camo heart tee,8884,drifella 2 #8884,metadata,5cloth,False,/Users/nickgeorge-studio/Projects/swagbound-new/swagbound-og-assets/lsw-corpus/output/drifella2/HCn6UEdMCkQtLGNaXZRUWG8FniE6AYK2htGEUfwZRArf/image.png
battle_status_text,i heart bladee,2918,drifella 2 #2918,metadata,5cloth,False,/Users/nickgeorge-studio/Projects/swagbound-new/swagbound-og-assets/lsw-corpus/output/drifella2/HCKemwj8m7C5BVun5FZk9LPtrHFLoiRJ4rvYA5hW48DK/image.png
battle_status_text,white swirl,9135,drifella 2 #9135,metadata,9eyes,False,/Users/nickgeorge-studio/Projects/swagbound-new/swagbound-og-assets/lsw-corpus/output/drifella2/HB7ePtxyhqTEy3wqCkm8iREaicireghDJvJgdNaFNU3K/image.png
battle_status_text,depr hyper real,2935,drifella 2 #2935,metadata,3drifellabody,False,/Users/nickgeorge-studio/Projects/swagbound-new/swagbound-og-assets/lsw-corpus/output/drifella2/HAsh9taot5EirL13zRL7nSJfo41r3XtGBCvNVxWYohnd/image.png
battle_status_text,she want me cuz im normal,4307,drifella 2 #4307,metadata,94overlay,False,/Users/nickgeorge-studio/Projects/swagbound-new/swagbound-og-assets/lsw-corpus/output/drifella2/H9iHCbrC4wdQaFZa3TXNCn3Y6uRyzt7U6DxMr1krMitX/image.png
battle_status_text,death sacred heart,8554,drifella 2 #8554,metadata,92left,False,/Users/nickgeorge-studio/Projects/swagbound-new/swagbound-og-assets/lsw-corpus/output/drifella2/H9EFXUQxRq2BN8buMjmfG3dVkAty3Xq3Yws67EiFL9Ks/image.png
battle_status_text,heart eyes,5346,drifella 2 #5346,metadata,9eyes,False,/Users/nickgeorge-studio/Projects/swagbound-new/swagbound-og-assets/lsw-corpus/output/drifella2/H7reUHJCSehPQ9WDFPiVWCDdAut3hu6Q5mYk1efwJnUz/image.png
battle_status_text,derp realistic,946,drifella 2 #946,metadata,3drifellabody,False,/Users/nickgeorge-studio/Projects/swagbound-new/swagbound-og-assets/lsw-corpus/output/drifella2/H4pcUvJxLePesDx5ZUKYtDuHDKb1sqMZshSPoge4H7gE/image.png
battle_status_text,be different hoodie,7830,drifella 2 #7830,metadata,5cloth,False,/Users/nickgeorge-studio/Projects/swagbound-new/swagbound-og-assets/lsw-corpus/output/drifella2/H1krLUMXvNsK6RZt9esgfkDboNRY5agzk6sqg1XPDsGG/image.png
battle_status_text,remember who you are fighting for,3346,drifella 2 #3346,metadata,1background,False,/Users/nickgeorge-studio/Projects/swagbound-new/swagbound-og-assets/lsw-corpus/output/drifella2/H1JaT9wsyQt7kETnjLkTNBvkDW978ep43hAV9aeYzS9C/image.png
battle_status_text,anime heart,8589,drifella 2 #8589,metadata,3drifellabody,False,/Users/nickgeorge-studio/Projects/swagbound-new/swagbound-og-assets/lsw-corpus/output/drifella2/Gx3dT5cDAxDX3D7ZptrsGnhi4odzX49mn1NoXJBMyjjV/image.png
battle_status_text,real bandage,6243,drifella 2 #6243,metadata,8nose,False,/Users/nickgeorge-studio/Projects/swagbound-new/swagbound-og-assets/lsw-corpus/output/drifella2/GwscZgdDH6KD8dRxf2Seei3yf6jd6W3X4QJbeicnwCmj/image.png
battle_status_text,sacred heart,5826,drifella 2 #5826,metadata,93right,False,/Users/nickgeorge-studio/Projects/swagbound-new/swagbound-og-assets/lsw-corpus/output/drifella2/GuN6ZzQZnKR7NLrYQ7iqBA39mFTnbrQsVHTvMTonC6Zm/image.png
battle_status_text,meat heart,1458,drifella 2 #1458,metadata,93right,False,/Users/nickgeorge-studio/Projects/swagbound-new/swagbound-og-assets/lsw-corpus/output/drifella2/GtNohzK5YVRUDXfbqqzEhjVCaU3wsUshpcAe2yJX2e8v/image.png
battle_status_text,power ranger huddle,4801,drifella 2 #4801,metadata,1background,False,/Users/nickgeorge-studio/Projects/swagbound-new/swagbound-og-assets/lsw-corpus/output/drifella2/GrpkqH6bSSkrNmMRGBo3kGfFcNyre7wWHHMuABBxTruR/image.png
battle_status_text,touching grass isnt enough,2431,drifella 2 #2431,metadata,94overlay,False,/Users/nickgeorge-studio/Projects/swagbound-new/swagbound-og-assets/lsw-corpus/output/drifella2/Gnp2q2hPkhFi3tJ8jvnSGMd7HcY1teTQcxopdLXWQkMS/image.png
battle_status_text,ceramic chambered mifella heart,6063,drifella 2 #6063,metadata,92left,False,/Users/nickgeorge-studio/Projects/swagbound-new/swagbound-og-assets/lsw-corpus/output/drifella2/Gj7osQdkREK9BjnfoHPtwfQLnT9pDKJRCq7mcQmPjJeB/image.png
battle_status_text,change of heart,8419,drifella 2 #8419,metadata,1background,False,/Users/nickgeorge-studio/Projects/swagbound-new/swagbound-og-assets/lsw-corpus/output/drifella2/Gfafa1veyhfYnHYFcWXc5jJm18qsKygkdQzGV6hpPwPg/image.png
battle_status_text,barbed wire heart,6229,drifella 2 #6229,metadata,94overlay,False,/Users/nickgeorge-studio/Projects/swagbound-new/swagbound-og-assets/lsw-corpus/output/drifella2/GcdUBGyTgJRCJv3nueFaMDrNcNVsfUUwdJHJrhLB2fJ3/image.png
