phrase,voice,length,cursed,vibes,score,total_count,field_count
girls heart my swag,first_person,medium,,nft|swag,10,157,2
honor thy father bloody shirt,imperative,medium,,religion|swag,10,100,1
i feel like dying hat,first_person,medium,,swag|doomer,10,61,1
shoot up the party,imperative,medium,,vidya|gun,10,48,1
kill you red puffer,imperative,medium,,swag,9,122,1
me and her joint,first_person,medium,,pharma,9,100,1
someone with autism stole my wallet heart,first_person,medium,,nft,9,89,1
kill all solana nfts,imperative,medium,,nft,9,84,1
my call of duty,first_person,medium,,vidya,9,69,1
who needs brain cells when you have swag,interrogative,medium,,nft|swag,9,67,1
i wake up i engage in tomfoolery,first_person,medium,,ironic,9,56,1
i like getting my boot hole licked by nft monkeys,first_person,long,,nft,9,48,1
black ops on my tv,first_person,medium,,vidya,9,47,1
I SPEND MONEY LIKE ITS COD ZOMBIES,first_person,medium,,vidya,9,45,1
leather demon bat hat,declarative,medium,,religion|swag,8,67,1
dont give me orders,imperative,medium,,,8,66,1
youre in her dms im letting greed corrupt me,first_person,long,,,8,66,1
remember who you are fighting for,imperative,medium,,,8,62,1
my girant isopod phone case,first_person,medium,,,8,60,1
thank you lord for this here perc 30,declarative,medium,,pharma|religion,8,60,1
wake up we gotta turn the power on,imperative,medium,,,8,60,1
wow it is literally me meme,first_person,medium,,,8,57,1
be ready to fight the horde,imperative,medium,,,8,56,1
i can sleep anywhere,first_person,medium,,,8,56,1
i have two sides,first_person,medium,,,8,54,1
anime tax fraud hat,declarative,medium,,swag|anime,8,53,1
earl chart painting in my living room,first_person,medium,,,8,52,1
house party  nearby im bringing weird guys,first_person,medium,,,8,51,1
i am rooting for you,first_person,medium,,,8,51,1
how to catch a milk thief,interrogative,medium,,food,8,49,1
she want me cuz im normal,first_person,medium,,,8,48,1
yall dont fuck with music like i do,first_person,medium,,,8,47,1
me gay chair v5,first_person,medium,,,8,46,1
this shit laced im tweakkinn ahhhhhh,first_person,medium,,,8,43,1
TAKE ALL YOUR MONEY OUT OF THE BANK,imperative,medium,,,8,42,1
this picture broke my heart,first_person,medium,,,8,40,1
piss stained goblin shirt,declarative,medium,,swag,7,127,1
backwards pill cyber jac,declarative,medium,,pharma,7,112,1
bape mape zip up,declarative,medium,,swag,7,111,1
bullet bill spike teeth,declarative,medium,,gun,7,110,1
cdg camo heart tee,declarative,medium,,swag,7,109,1
evil prof oak shirt,declarative,medium,,swag,7,108,1
yugi and joey shirt,declarative,medium,,swag,7,106,1
buying a t shirt,declarative,medium,,swag,7,99,1
vivienne westwood gem jacket,declarative,medium,,swag,7,99,1
akira black and gray,declarative,medium,,anime,7,97,1
golden spiky demon grill,declarative,medium,,religion,7,94,1
community rpg shoutsout community,declarative,medium,,vidya,7,87,1
shoot,imperative,short,,vidya|gun,7,75,1
shoot myself,imperative,short,,vidya|gun,7,75,1
white gloves with gun,declarative,medium,,gun,7,72,1
jesus vhs 911 edition,declarative,medium,,religion,7,62,1
black ops 2 speech bubble,declarative,medium,,vidya,7,60,1
ceramic chambered mifella heart,declarative,medium,,milady,7,59,1
ghost and anime girl,declarative,medium,,anime,7,59,1
mewtwo in red circle,declarative,medium,,vidya,7,59,1
rip avant nft wave,declarative,medium,,nft,7,59,1
born to drain mud is a fuck,declarative,medium,,nft,7,58,1
sony hat princess diana,declarative,medium,,swag,7,57,1
gengar pinball sprite sheet,declarative,medium,,vidya,7,53,1
the life of drifella,declarative,medium,,lore,7,51,1
btc fear greed index,declarative,medium,,nft,7,49,1
no love deep web,declarative,medium,,doomer,7,47,1
spiky yung lean bladee,declarative,medium,,pharma,7,47,1
praying to your flight god,declarative,medium,,religion,7,45,1
shadow wizard in hotel,declarative,medium,,vidya,7,45,1
dratini line sprite sheets,declarative,medium,,vidya,7,42,1
white house mcdonalds order,declarative,medium,,milady,7,41,1
mangekyo sharingan left bleed,declarative,medium,,,6,203,1
mangekyo sharingan right bleed,declarative,medium,,,6,186,1
evil pepe with cigar,declarative,medium,,,6,124,1
be different hoodie,imperative,short,,swag,6,111,1
chris chan rugby longsleeve,declarative,medium,,,6,108,1
dont care shirt,imperative,short,,swag,6,104,1
devil world raf simmons,declarative,medium,,,6,101,1
raf simmons virginia creeper,declarative,medium,,,6,100,1
mouth with cig yo,declarative,medium,,,6,95,1
silent hill 2 zip,declarative,medium,,,6,95,1
thrashed vtg nature sweater,declarative,medium,,,6,95,1
pissed cartman no respect,declarative,medium,,,6,93,1
im gay tee,first_person,short,,swag,6,92,1
baby gray blood sketch,declarative,medium,,,6,79,1
red pinnk white sketch,declarative,medium,,,6,69,1
abstract night cat sketch,declarative,medium,,,6,67,1
dark magician aura sword,declarative,medium,,,6,67,1
life would be much easier,declarative,medium,,,6,66,1
marker pixel bastard 2,declarative,medium,,,6,65,1
officer peaked another soviet comrade,declarative,medium,,,6,65,1
thick goth lola bunny,declarative,medium,,,6,65,1
the fool rock negative,declarative,medium,,,6,64,1
toon blue eyes white dragon,declarative,medium,,,6,64,1
marker pixel pink yellow,declarative,medium,,,6,62,1
you cant beat a man that battles with himself every day,declarative,long,,,6,60,1
im in love with my gf dont talk to me she has a nuclear bomb,first_person,long,,,6,59,1
this doesnt bode well,declarative,medium,,,6,59,1
touching grass isnt enough,declarative,medium,,,6,59,1
cannot use this item offline,declarative,medium,,,6,58,1
dark magician spiky headphones,declarative,medium,,,6,58,1
its over were back,declarative,medium,,,6,58,1
in case of fire,declarative,medium,,,6,57,1
his ass is not a software engineer,declarative,medium,,,6,56,1
it takes a little treat to tame a beast,declarative,long,,,6,55,1
knit cat ear balaclava,declarative,medium,,,6,55,1
person who keeps gambling,declarative,medium,,,6,55,1
something about us moon,declarative,medium,,,6,54,1
missing no and jellyfish uap,declarative,medium,,,6,53,1
mc ride playing club penguin,declarative,medium,,,6,52,1
skull of mary magdeline shrine,declarative,medium,,,6,52,1
aura crown of thorns,declarative,medium,,,6,51,1
michael and jason mask,declarative,medium,,,6,51,1
silent hill 2 crtv,declarative,medium,,,6,51,1
edward and bella playing chess,declarative,medium,,,6,49,1
jpeg in front of tarp,declarative,medium,,,6,47,1
ye net and yahoo,declarative,medium,,,6,46,1
blue eyes toon painting,declarative,medium,,,6,45,1
bringing freedom and democracy to an oil rich country near you,declarative,long,,,6,45,1
girls love a man in armor,declarative,medium,,,6,45,1
ren and stimpy bg2,declarative,medium,,,6,45,1
the silence of the lambs,declarative,medium,,,6,44,1
rolling into the function,declarative,medium,,,6,42,1
ren and stimpy bg1,declarative,medium,,,6,39,1
death note manha cover,declarative,medium,,doomer,6,26,1
go go ackman,imperative,short,,,5,122,1
i heart bladee,first_person,short,,,5,113,1
eat,imperative,short,,,5,106,1
my clash base,first_person,short,,,5,74,1
my favorite cards,first_person,short,,,5,74,1
kill,imperative,short,,,5,54,1
revive me nurse,imperative,short,,,5,45,1
heath ledger joker concept,declarative,medium,,,5,2,1
Are you real,interrogative,short,,,4,67,1
you want muffin,declarative,short,,food,4,54,1
milady happy,descriptive,short,,religion|milady,3,127,1
candy bape hoodie,descriptive,short,,swag|food,3,123,1
milady smirk,descriptive,short,,religion|milady,3,117,1
yugioh gx hoodie,descriptive,short,,vidya|swag,3,113,1
red pray shirt,descriptive,short,,religion|swag,3,102,1
swagtoshi nakamoto,descriptive,short,,nft|lore,3,101,1
mw2 pray shirt,descriptive,short,,religion|swag,3,96,1
shinji puffer,descriptive,short,,swag|anime,3,95,1
dratini anime,descriptive,short,,vidya|anime,3,82,1
monkey bomb,descriptive,short,,vidya|nft,3,82,1
assault rifle,descriptive,short,,vidya|gun,3,77,1
pregnant milady,descriptive,short,,religion|milady,3,74,1
biscuit,descriptive,short,,lore|food,3,70,1
fortnite nerf gun,descriptive,short,,vidya|gun,3,68,1
blue pokemon swag,descriptive,short,,vidya|nft|swag,3,65,1
wojak drifella,descriptive,short,,anime|lore,3,65,1
wizard m hat,descriptive,short,,vidya|swag,3,60,1
swag coin fistbump,descriptive,short,,nft|swag,3,58,1
drifella angel hat,descriptive,short,,religion|swag|lore,3,57,1
left anime gun,descriptive,short,,anime|gun,3,57,1
swag coin,descriptive,short,,nft|swag,3,56,1
dratini hat,descriptive,short,,vidya|swag,3,55,1
solana cap,descriptive,short,,nft|swag,3,48,1
swag weed girl,descriptive,short,,pharma|nft|swag,3,46,1
dead,descriptive,short,,doomer,2,212,1
pixel cry,descriptive,short,,doomer,2,211,1
red tears$19PNG,descriptive,short,,doomer,2,210,1
gonna die,descriptive,short,,doomer,2,203,1
geek,descriptive,short,,vidya,2,192,1
blue tears,descriptive,short,,doomer,2,185,1
anime blush,descriptive,short,,anime,2,183,1
dratini high,descriptive,short,,vidya,2,180,1
fang red,descriptive,short,,vidya,2,176,1
junko wojak,descriptive,short,,anime,2,134,1
fang,descriptive,short,,vidya,2,131,1
ghastly,descriptive,short,,vidya,2,131,1
ornate jacket,descriptive,short,,swag,2,123,1
rodman jersey,descriptive,short,,swag,2,122,1
winter jacket,descriptive,short,,swag,2,122,1
general with gun,descriptive,short,,gun,2,121,1
griffith smile,descriptive,short,,anime,2,121,1
poofy white tee,descriptive,short,,swag,2,120,1
dragonite,descriptive,short,,vidya,2,119,2
jean jacket,descriptive,short,,swag,2,118,1
asspizza gobln shirt,descriptive,short,,swag,2,117,1
maroon jersey,descriptive,short,,swag,2,117,1
demon pit,descriptive,short,,religion,2,116,1
dratini,descriptive,short,,vidya,2,116,2
anime with blood,descriptive,short,,anime,2,115,1
work fit,descriptive,short,,swag,2,115,1
guns,descriptive,short,,gun,2,114,2
silver bubble jacket,descriptive,short,,swag,2,114,1
gray hoodie,descriptive,short,,swag,2,113,1
lean beef patty,descriptive,short,,pharma,2,112,1
death stranding,descriptive,short,,doomer,2,110,1
inked shirt,descriptive,short,,swag,2,109,1
nwo shirt,descriptive,short,,swag,2,109,1
ghastly smile,descriptive,short,,vidya,2,108,1
sweeper manga,descriptive,short,,anime,2,108,1
big joint,descriptive,short,,pharma,2,106,1
straight jacket,descriptive,short,,swag,2,106,1
tek vest hoodie,descriptive,short,,swag,2,105,1
thief fit,descriptive,short,,swag,2,105,1
underverse tattered shirt,descriptive,short,,swag,2,105,1
snowy hoodie,descriptive,short,,swag,2,104,1
thrashed pink hoodie,descriptive,short,,swag,2,102,1
wow zip hoodie,descriptive,short,,swag,2,102,1
cross with jacket,descriptive,short,,swag,2,99,1
skeleton hoodie,descriptive,short,,swag,2,99,1
hoodie arms up,descriptive,short,,swag,2,98,1
thrashed white tee,descriptive,short,,swag,2,98,1
vetements kanye hoodie,descriptive,short,,swag,2,97,1
demon grin,descriptive,short,,religion,2,96,1
trad wojak,descriptive,short,,anime,2,96,1
torn hoodie blue,descriptive,short,,swag,2,95,1
blast,descriptive,short,,vidya,2,92,1
manga missing tooth,descriptive,short,,anime,2,92,1
red cloud jacket,descriptive,short,,swag,2,92,1
shotgun reload,descriptive,short,,gun,2,85,1
milk jug,descriptive,short,,food,2,84,1
chained deck,descriptive,short,,vidya,2,81,1
matrix phone,descriptive,short,,vidya,2,81,1
umbreon,descriptive,short,,vidya,2,81,1
cat hashbrown,descriptive,short,,food,2,80,1
duel disk,descriptive,short,,vidya,2,80,1
mint plush,descriptive,short,,nft,2,79,1
black demon sketch,descriptive,short,,religion,2,78,1
jesus,descriptive,short,,religion,2,77,1
mifella at compoter,descriptive,short,,milady,2,76,1
ny cap,descriptive,short,,swag,2,75,1
shadow wizard hands,descriptive,short,,vidya,2,75,1
birthday cake,descriptive,short,,food,2,74,1
warzone,descriptive,short,,vidya,2,74,1
drifella armor,descriptive,short,,lore,2,73,1
my lean,descriptive,short,,pharma,2,73,1
packapunch raygun,descriptive,short,,vidya,2,73,1
psychic energy,descriptive,short,,vidya,2,73,1
anime heart,descriptive,short,,anime,2,72,1
milk pour,descriptive,short,,food,2,71,1
mint sketch,descriptive,short,,nft,2,71,1
pixel post demon,descriptive,short,,religion,2,71,1
skull baby drifella,descriptive,short,,lore,2,71,1
yuh,descriptive,short,,ironic,2,71,1
chicken wing,descriptive,short,,food,2,70,1
demon dog,descriptive,short,,religion,2,70,1
gameboy,descriptive,short,,vidya,2,70,1
joker card,descriptive,short,,vidya,2,70,1
mean pills,descriptive,short,,pharma,2,70,1
mini party hat,descriptive,short,,swag,2,70,1
red gray stitched,descriptive,short,,swag,2,70,1
spiky drifella,descriptive,short,,lore,2,70,1
wizard software,descriptive,short,,vidya,2,70,1
black ops,descriptive,short,,vidya,2,69,1
mcdonalds sketch,descriptive,short,,milady,2,69,1
submachine gun right,descriptive,short,,gun,2,69,1
yugioh printed card,descriptive,short,,vidya,2,69,1
death sacred heart,descriptive,short,,doomer,2,68,1
meyomme dratini drawing,descriptive,short,,vidya,2,68,1
rainbow party hat,descriptive,short,,swag,2,68,1
spngebob snapback,descriptive,short,,vidya,2,68,1
100 emoji hat,descriptive,short,,swag,2,67,1
weed,descriptive,short,,pharma,2,67,1
destroyed gameboy,descriptive,short,,vidya,2,66,1
pain,descriptive,short,,doomer,2,66,1
pistol,descriptive,short,,gun,2,66,1
shadow mage,descriptive,short,,vidya,2,66,1
stitched,descriptive,short,,swag,2,66,1
wojak black girl,descriptive,short,,anime,2,66,1
milk,descriptive,short,,food,2,65,1
stitched blood sketch,descriptive,short,,swag,2,65,1
ye fit,descriptive,short,,swag,2,65,1
lavender town,descriptive,short,,vidya,2,64,1
moogle sprite sheet,descriptive,short,,vidya,2,64,1
shadow fella,descriptive,short,,vidya,2,64,1
conciousness energy grid,descriptive,short,,vidya,2,63,1
cuckfella fbi hat,descriptive,short,,swag,2,63,1
drifella birth,descriptive,short,,lore,2,63,1
airbrush hat,descriptive,short,,swag,2,62,1
fentanyl,descriptive,short,,pharma,2,62,1
party hat,descriptive,short,,swag,2,62,1
rpg,descriptive,short,,vidya,2,62,1
shinji on bus,descriptive,short,,anime,2,62,1
submachine gun left,descriptive,short,,gun,2,62,1
ancient mew card,descriptive,short,,vidya,2,61,1
life is pain,descriptive,short,,doomer,2,61,1
black dead hands,descriptive,short,,doomer,2,60,1
frazetta death dealers,descriptive,short,,doomer,2,60,1
matrix coded,descriptive,short,,vidya,2,60,1
mifella aura,descriptive,short,,milady,2,60,1
packapunch,descriptive,short,,vidya,2,60,1
anime eye rock,descriptive,short,,anime,2,59,1
drifella kill scene,descriptive,short,,lore,2,59,1
fang reaper meme,descriptive,short,,vidya,2,59,1
giratina at mcdonalds,descriptive,short,,milady,2,59,1
vingette shadow,descriptive,short,,vidya,2,59,1
wrapped dratini sketch,descriptive,short,,vidya,2,59,1
yugioh match,descriptive,short,,vidya,2,59,1
bullet holes,descriptive,short,,gun,2,58,1
drifella chart painting,descriptive,short,,lore,2,58,1
faygo elfbar,descriptive,short,,pharma,2,58,1
injection fairy lily,descriptive,short,,vidya,2,58,1
s drip,descriptive,short,,swag,2,58,1
blood drip,descriptive,short,,swag,2,57,1
void,descriptive,short,,doomer,2,57,1
ethan backwards cap,descriptive,short,,swag,2,56,1
frazetta with gun,descriptive,short,,gun,2,56,1
orko hat,descriptive,short,,swag,2,56,1
twilight manga,descriptive,short,,anime,2,56,1
ibuprofen,descriptive,short,,pharma,2,55,1
btc laser eyes,descriptive,short,,nft,2,54,1
bullets,descriptive,short,,gun,2,54,1
money hat,descriptive,short,,swag,2,54,1
puca hat,descriptive,short,,swag,2,54,1
rainbow runescape selling,descriptive,short,,vidya,2,54,1
aura m hat,descriptive,short,,swag,2,53,1
charizard,descriptive,short,,vidya,2,53,1
femcel,descriptive,short,,doomer,2,53,1
gan hat,descriptive,short,,swag,2,53,1
nes gun,descriptive,short,,gun,2,53,1
red leather hat,descriptive,short,,swag,2,53,1
6 shooter,descriptive,short,,gun,2,52,1
alien hat,descriptive,short,,swag,2,52,1
doomer beanie,descriptive,short,,doomer,2,52,1
shadow wizard goblin,descriptive,short,,vidya,2,52,1
aborted drifella,descriptive,short,,lore,2,51,1
baby yoshis,descriptive,short,,vidya,2,51,1
fired from mcdonalds,descriptive,short,,milady,2,51,1
lean and ecco,descriptive,short,,pharma,2,51,1
snowy graveyard,descriptive,short,,religion,2,51,1
spinner hat,descriptive,short,,swag,2,51,1
wolf knight helmet,descriptive,short,,anime,2,51,1
yugioh back,descriptive,short,,vidya,2,51,1
cool umbreon,descriptive,short,,vidya,2,50,1
drifella drawing,descriptive,short,,lore,2,50,1
imagine fentanyl here,descriptive,short,,pharma,2,50,1
margiela jewel mask,descriptive,short,,swag,2,50,1
mewtwo,descriptive,short,,vidya,2,50,1
solana,descriptive,short,,nft,2,50,1
drifella film screenshot,descriptive,short,,lore,2,49,1
paint m hat,descriptive,short,,swag,2,48,1
shadow cell,descriptive,short,,vidya,2,48,1
chrome hearts mousetrap,descriptive,short,,swag,2,47,1
minecraft dungeon,descriptive,short,,vidya,2,47,1
tojiba ring horror,descriptive,short,,lore,2,47,1
rhino dick pill,descriptive,short,,pharma,2,46,1
bacon priest,descriptive,short,,religion,2,45,1
csgo stitch,descriptive,short,,swag,2,45,1
dratini health,descriptive,short,,vidya,2,45,1
griffith helmet,descriptive,short,,anime,2,45,1
heaven,descriptive,short,,religion,2,45,1
legendary collection dratini,descriptive,short,,vidya,2,45,1
spiky fuzzy hat,descriptive,short,,swag,2,45,1
you've been liquidated,descriptive,short,,nft,2,45,1
anime mist,descriptive,short,,anime,2,44,1
spiked ear hat,descriptive,short,,swag,2,44,1
tablet,descriptive,short,,pharma,2,43,1
card pulls,descriptive,short,,vidya,2,42,1
gothic top hat,descriptive,short,,swag,2,42,1
evangelion,descriptive,short,,anime,2,41,1
hieronymus bosch meme,descriptive,short,,lore,2,41,1
ss drip,descriptive,short,,swag,2,41,1
church graveyards,descriptive,short,,religion,2,40,1
dragonite evolve,descriptive,short,,vidya,2,40,1
burning monk,descriptive,short,,religion,2,39,1
explosion sprite sheet,descriptive,short,,vidya,2,39,1
wojak sunset,descriptive,short,,anime,2,39,1
HELL,descriptive,short,,religion,2,38,1
cloth horn hat,descriptive,short,,swag,2,38,1
seethe,descriptive,short,,,1,320,2
sanic,descriptive,short,,,1,304,2
lax,descriptive,short,,,1,298,2
mad,descriptive,short,,,1,294,2
kid buu,descriptive,short,,,1,291,2
buttons,descriptive,short,,,1,235,1
drained,descriptive,short,,,1,235,2
gengar,descriptive,short,,,1,234,2
nikolai fechin glasses,descriptive,short,,,1,225,1
sleppy,descriptive,short,,,1,224,1
spiky shades,descriptive,short,,,1,224,1
crying,descriptive,short,,,1,222,1
flail,descriptive,short,,,1,220,1
pixelady star,descriptive,short,,,1,220,1
white swirl,descriptive,short,,,1,218,1
3 eye,descriptive,short,,,1,216,1
scarlet eyes,descriptive,short,,,1,216,1
wao wao,descriptive,short,,,1,215,1
ye,descriptive,short,,,1,210,2
beat n bruised,descriptive,short,,,1,207,1
cartoon,descriptive,short,,,1,207,1
beauty,descriptive,short,,,1,206,1
silver hand shades,descriptive,short,,,1,206,1
astro boy,descriptive,short,,,1,203,1
bored,descriptive,short,,,1,200,1
ghost angry,descriptive,short,,,1,198,1
mimany nutmugs_,descriptive,short,,,1,198,1
angry,descriptive,short,,,1,197,1
miller batman eyes,descriptive,short,,,1,197,1
venom,descriptive,short,,,1,197,1
zerpy,descriptive,short,,,1,195,1
ghaslty,descriptive,short,,,1,194,1
sketch,descriptive,short,,,1,192,1
bloodshot tv hearts,descriptive,short,,,1,190,1
heart eyes,descriptive,short,,,1,190,1
jokermad,descriptive,short,,,1,187,1
squinting,descriptive,short,,,1,187,1
deflated,descriptive,short,,,1,184,1
ghost,descriptive,short,,,1,184,2
spiral,descriptive,short,,,1,176,1
mew wink,descriptive,short,,,1,175,1
ryuk,descriptive,short,,,1,175,2
blazed,descriptive,short,,,1,174,1
moneys,descriptive,short,,,1,172,1
side smile,descriptive,short,,,1,138,1
tiger,descriptive,short,,,1,137,1
bomb,descriptive,short,,,1,134,2
wet,descriptive,short,,,1,132,1
bloody smile,descriptive,short,,,1,130,1
cigs,descriptive,short,,,1,129,1
lego joker,descriptive,short,,,1,129,1
greed,descriptive,short,,,1,128,1
silly,descriptive,short,,,1,128,1
lava,descriptive,short,,,1,126,2
wide smile,descriptive,short,,,1,126,1
zombie zip up,descriptive,short,,,1,125,1
biting lip,descriptive,short,,,1,124,1
murakami,descriptive,short,,,1,124,1
skull,descriptive,short,,,1,124,1
braces,descriptive,short,,,1,122,1
creepypasta,descriptive,short,,,1,122,1
shiny grill,descriptive,short,,,1,122,1
stars,descriptive,short,,,1,121,2
demonbat,descriptive,short,,,1,119,1
red painting,descriptive,short,,,1,119,2
spider,descriptive,short,,,1,119,1
tongue,descriptive,short,,,1,119,1
towel,descriptive,short,,,1,119,1
zombie,descriptive,short,,,1,119,1
teeth,descriptive,short,,,1,118,1
grit,descriptive,short,,,1,117,1
mimany cig,descriptive,short,,,1,117,1
smile,descriptive,short,,,1,117,1
bacon,descriptive,short,,,1,116,1
chad,descriptive,short,,,1,115,1
gold grill,descriptive,short,,,1,115,1
tank girl smoking,descriptive,short,,,1,115,1
taz grill,descriptive,short,,,1,115,1
daddys lil monster,descriptive,short,,,1,114,1
cubone,descriptive,short,,,1,113,1
dithered armor,descriptive,short,,,1,113,1
gengar smile,descriptive,short,,,1,113,1
ghillie suit,descriptive,short,,,1,113,1
shiny and chrome,descriptive,short,,,1,113,1
smoky,descriptive,short,,,1,113,1
superman,descriptive,short,,,1,113,1
clear raincoat,descriptive,short,,,1,112,1
snoot bubble,descriptive,short,,,1,112,1
triple box logo,descriptive,short,,,1,112,1
rainbow,descriptive,short,,,1,111,1
grimer,descriptive,short,,,1,110,1
pepe yell,descriptive,short,,,1,110,1
troll,descriptive,short,,,1,110,1
joker mouth,descriptive,short,,,1,109,1
joker smile,descriptive,short,,,1,109,1
the charlie brown,descriptive,short,,,1,109,1
batman clench,descriptive,short,,,1,107,1
cat open,descriptive,short,,,1,106,1
college dropout,descriptive,short,,,1,106,1
warlax backpack,descriptive,short,,,1,106,1
chipmunk,descriptive,short,,,1,105,1
gaara w teddy,descriptive,short,,,1,105,1
goofy,descriptive,short,,,1,105,1
joker jared leto,descriptive,short,,,1,105,1
leather general coat,descriptive,short,,,1,105,1
metal skelly,descriptive,short,,,1,105,1
mini venom mouth,descriptive,short,,,1,105,1
duck camo,descriptive,short,,,1,104,1
idiot,descriptive,short,,,1,104,1
medic,descriptive,short,,,1,104,1
paint,descriptive,short,,,1,104,2
barf,descriptive,short,,,1,103,1
evil tomato,descriptive,short,,,1,103,1
joker troll,descriptive,short,,,1,103,1
shoplifter,descriptive,short,,,1,103,1
suit,descriptive,short,,,1,103,1
deaths head moth,descriptive,short,,,1,102,1
drool,descriptive,short,,,1,102,1
goku,descriptive,short,,,1,102,1
newsprint spike,descriptive,short,,,1,102,1
sans tongue,descriptive,short,,,1,102,1
tie dye smiley,descriptive,short,,,1,101,1
tongue out,descriptive,short,,,1,101,1
spiked,descriptive,short,,,1,100,1
latex skelly,descriptive,short,,,1,99,1
red paint,descriptive,short,,,1,99,1
carnage,descriptive,short,,,1,97,1
fuzzy nose,descriptive,short,,,1,96,1
after hood,descriptive,short,,,1,95,1
tech armor,descriptive,short,,,1,95,1
white bomber,descriptive,short,,,1,95,1
bandage,descriptive,short,,,1,94,1
jock joker,descriptive,short,,,1,94,1
prada,descriptive,short,,,1,93,1
clear skelly,descriptive,short,,,1,92,1
phantom troupe,descriptive,short,,,1,92,1
pokeball necklace,descriptive,short,,,1,92,1
clown nose,descriptive,short,,,1,91,1
micro fishing,descriptive,short,,,1,91,1
my wife,descriptive,short,,,1,91,1
toon spiky,descriptive,short,,,1,91,1
blue wolf,descriptive,short,,,1,90,1
conker smile,descriptive,short,,,1,90,1
nettspend hand,descriptive,short,,,1,90,1
cyborg,descriptive,short,,,1,89,1
shoulder pads,descriptive,short,,,1,88,1
green cloak,descriptive,short,,,1,87,1
trench coat,descriptive,short,,,1,87,1
blu mtn dew,descriptive,short,,,1,86,1
nun,descriptive,short,,,1,86,1
sonichu medallion,descriptive,short,,,1,85,1
hisoka,descriptive,short,,,1,84,1
archmage,descriptive,short,,,1,83,1
gockette,descriptive,short,,,1,83,1
pencil sketch dragon,descriptive,short,,,1,82,1
yori sport,descriptive,short,,,1,82,1
abstract light sketch,descriptive,short,,,1,81,1
bladee reaper,descriptive,short,,,1,81,1
grab,descriptive,short,,,1,81,1
mace,descriptive,short,,,1,81,1
harley quinn bat,descriptive,short,,,1,80,1
light aura sketch,descriptive,short,,,1,80,1
needle sketch,descriptive,short,,,1,80,1
pearl sketch,descriptive,short,,,1,80,1
silver nuke,descriptive,short,,,1,80,1
toji 100,descriptive,short,,,1,80,1
blue horsey sketch,descriptive,short,,,1,79,1
FUEL,descriptive,short,,,1,78,1
black yarn,descriptive,short,,,1,78,1
chronos,descriptive,short,,,1,78,1
maroon smile sketch,descriptive,short,,,1,78,1
robot dog,descriptive,short,,,1,78,1
wet water,descriptive,short,,,1,78,1
blood,descriptive,short,,,1,77,1
blue scythe,descriptive,short,,,1,77,1
brick,descriptive,short,,,1,77,1
dirt hand cookie,descriptive,short,,,1,77,1
dragon sketch,descriptive,short,,,1,77,1
guillotine,descriptive,short,,,1,77,1
lynch doodle,descriptive,short,,,1,77,1
yellow,descriptive,short,,,1,77,1
abstract baby drif,descriptive,short,,,1,76,1
abstract graphite sketch,descriptive,short,,,1,76,1
apocalyptic,descriptive,short,,,1,76,1
black gem,descriptive,short,,,1,76,1
pencil zombie sketch,descriptive,short,,,1,76,1
pink white sketch,descriptive,short,,,1,76,1
real bandage,descriptive,short,,,1,76,1
strawberry,descriptive,short,,,1,76,1
toon world,descriptive,short,,,1,76,1
bunny delivery,descriptive,short,,,1,75,1
cards,descriptive,short,,,1,75,1
pink blok sketch,descriptive,short,,,1,75,1
playing game,descriptive,short,,,1,75,1
plush denim,descriptive,short,,,1,75,1
purple gem,descriptive,short,,,1,75,1
radiated hands,descriptive,short,,,1,75,1
spiky apple,descriptive,short,,,1,75,1
stone,descriptive,short,,,1,75,1
threesum,descriptive,short,,,1,75,1
blue aura sketch,descriptive,short,,,1,74,1
edge,descriptive,short,,,1,74,1
halo 3,descriptive,short,,,1,74,1
heath ledger joker,descriptive,short,,,1,74,1
lofi distroyed sketch,descriptive,short,,,1,74,1
red afterhood,descriptive,short,,,1,74,1
rick crocs,descriptive,short,,,1,74,1
scardey cat,descriptive,short,,,1,74,1
sketch1,descriptive,short,,,1,74,1
spiderman sketch,descriptive,short,,,1,74,1
uchiha chip,descriptive,short,,,1,74,1
cow print,descriptive,short,,,1,73,1
floppy disks,descriptive,short,,,1,73,1
melting sketch,descriptive,short,,,1,73,1
mimics,descriptive,short,,,1,73,1
my game,descriptive,short,,,1,73,1
orange cream plush,descriptive,short,,,1,73,1
rings of fire,descriptive,short,,,1,73,1
sans,descriptive,short,,,1,73,1
shackled,descriptive,short,,,1,73,1
shocked dude,descriptive,short,,,1,73,1
stalker hand,descriptive,short,,,1,73,1
tommy,descriptive,short,,,1,73,1
IMG_1428,descriptive,short,,,1,72,1
abstract pastel sketch,descriptive,short,,,1,72,1
pokeball,descriptive,short,,,1,72,1
reaper scythe,descriptive,short,,,1,72,1
regigigas,descriptive,short,,,1,72,1
snake,descriptive,short,,,1,72,1
sonichu on crucifx,descriptive,short,,,1,72,1
thrashed dirty,descriptive,short,,,1,72,1
vax,descriptive,short,,,1,72,1
zip transparent leather,descriptive,short,,,1,72,1
fawn bat,descriptive,short,,,1,71,1
lightning bolts,descriptive,short,,,1,71,1
louie vuitton,descriptive,short,,,1,71,1
marker pixel orange,descriptive,short,,,1,71,1
memento photo,descriptive,short,,,1,71,1
meyomme ghostface,descriptive,short,,,1,71,1
normal,descriptive,short,,,1,71,1
barbarian,descriptive,short,,,1,70,1
bats,descriptive,short,,,1,70,1
bisexual plush,descriptive,short,,,1,70,1
eraserhead baby,descriptive,short,,,1,70,1
feeding roach,descriptive,short,,,1,70,1
ice cream cone,descriptive,short,,,1,70,1
monster reborn,descriptive,short,,,1,70,1
mossy,descriptive,short,,,1,70,1
outmoded sword,descriptive,short,,,1,70,1
sketch2,descriptive,short,,,1,70,1
slimes,descriptive,short,,,1,70,1
smokes,descriptive,short,,,1,70,1
tiger paws,descriptive,short,,,1,70,1
vegeta,descriptive,short,,,1,70,1
young thug plush,descriptive,short,,,1,70,1
AAAAAAAAAAAAAAA,descriptive,short,,,1,69,1
black blue yarn,descriptive,short,,,1,69,1
chrome dice,descriptive,short,,,1,69,1
glpw orb sketch,descriptive,short,,,1,69,1
green sketch,descriptive,short,,,1,69,1
lifting,descriptive,short,,,1,69,1
multiple pistols,descriptive,short,,,1,69,1
nails,descriptive,short,,,1,69,1
pink leather latex,descriptive,short,,,1,69,1
plush jester,descriptive,short,,,1,69,1
plush red,descriptive,short,,,1,69,1
plush torn jester,descriptive,short,,,1,69,1
pot of greed,descriptive,short,,,1,69,1
rickies,descriptive,short,,,1,69,1
blood pint,descriptive,short,,,1,68,1
dithered,descriptive,short,,,1,68,1
dmg,descriptive,short,,,1,68,1
fire sale,descriptive,short,,,1,68,1
garbage bag,descriptive,short,,,1,68,1
gumball machine,descriptive,short,,,1,68,1
lego zooka,descriptive,short,,,1,68,1
pink sketch,descriptive,short,,,1,68,1
pixel dither tan,descriptive,short,,,1,68,1
pixel violet glow,descriptive,short,,,1,68,1
selfie,descriptive,short,,,1,68,1
bianca,descriptive,short,,,1,67,1
chugging cola,descriptive,short,,,1,67,1
cow hide,descriptive,short,,,1,67,1
cross,descriptive,short,,,1,67,1
drak aura sketch,descriptive,short,,,1,67,1
free,descriptive,short,,,1,67,1
guinea pig,descriptive,short,,,1,67,1
mimikyu,descriptive,short,,,1,67,1
orbs,descriptive,short,,,1,67,1
pixel gray,descriptive,short,,,1,67,1
pussy eater,descriptive,short,,,1,67,1
radioactive mug,descriptive,short,,,1,67,1
sketch pixel bastard,descriptive,short,,,1,67,1
sketch5,descriptive,short,,,1,67,1
soda pops,descriptive,short,,,1,67,1
worm sticker,descriptive,short,,,1,67,1
zooka aura,descriptive,short,,,1,67,1
aluminum foil sword,descriptive,short,,,1,66,1
blade phone,descriptive,short,,,1,66,1
bloody margielas,descriptive,short,,,1,66,1
blue sketch,descriptive,short,,,1,66,1
depr hyper real,descriptive,short,,,1,66,1
groudon plush,descriptive,short,,,1,66,1
light glow sketch,descriptive,short,,,1,66,1
nuke,descriptive,short,,,1,66,1
painterly (2),descriptive,short,,,1,66,1
planting bomb,descriptive,short,,,1,66,1
psychadelic,descriptive,short,,,1,66,1
cherry blossom,descriptive,short,,,1,65,1
convenience store,descriptive,short,,,1,65,1
digital camo plush,descriptive,short,,,1,65,1
dragonair,descriptive,short,,,1,65,1
gray sketch,descriptive,short,,,1,65,1
kid buu hand,descriptive,short,,,1,65,1
lilac portal,descriptive,short,,,1,65,1
metal fabrics,descriptive,short,,,1,65,1
plush rotting,descriptive,short,,,1,65,1
sacred heart,descriptive,short,,,1,65,1
shiny punk espeon,descriptive,short,,,1,65,1
sketch orange cream,descriptive,short,,,1,65,1
ak,descriptive,short,,,1,64,1
basquiat head,descriptive,short,,,1,64,1
carnage sketch,descriptive,short,,,1,64,1
garchomp pin,descriptive,short,,,1,64,1
ghost pencil sketch,descriptive,short,,,1,64,1
heart hands,descriptive,short,,,1,64,1
hxh wolf,descriptive,short,,,1,64,1
money spread,descriptive,short,,,1,64,1
nettspend smoke,descriptive,short,,,1,64,1
prestige,descriptive,short,,,1,64,1
raeoww paw,descriptive,short,,,1,64,1
red glow,descriptive,short,,,1,64,1
white dithered stars,descriptive,short,,,1,64,1
yummy toast,descriptive,short,,,1,64,1
bastard gan,descriptive,short,,,1,63,1
black leather latex,descriptive,short,,,1,63,1
boxing gloves,descriptive,short,,,1,63,1
derp realistic,descriptive,short,,,1,63,1
diamond,descriptive,short,,,1,63,1
jeff jones,descriptive,short,,,1,63,1
meat heart,descriptive,short,,,1,63,1
negative saturn scuffed,descriptive,short,,,1,63,1
over 9000,descriptive,short,,,1,63,1
pixel camo sketch,descriptive,short,,,1,63,1
plush blue,descriptive,short,,,1,63,1
skull dice,descriptive,short,,,1,63,1
slay flop,descriptive,short,,,1,63,1
wings,descriptive,short,,,1,63,1
z electric chair,descriptive,short,,,1,63,1
bgplus,descriptive,short,,,1,62,1
chaos zombie,descriptive,short,,,1,62,1
days never finished,descriptive,short,,,1,62,1
harley quinn,descriptive,short,,,1,62,1
peace,descriptive,short,,,1,62,1
skelly,descriptive,short,,,1,62,1
sketch3 rosy cheeks,descriptive,short,,,1,62,1
swap,descriptive,short,,,1,62,1
young thug gem,descriptive,short,,,1,62,1
ballistic hockey mask,descriptive,short,,,1,61,1
black furry,descriptive,short,,,1,61,1
cloth blood,descriptive,short,,,1,61,1
comic shroud,descriptive,short,,,1,61,1
dark stars,descriptive,short,,,1,61,1
doves,descriptive,short,,,1,61,1
jason mask,descriptive,short,,,1,61,1
kit,descriptive,short,,,1,61,1
marker pixel bastard,descriptive,short,,,1,61,1
plush lilac,descriptive,short,,,1,61,1
young thug sketch,descriptive,short,,,1,61,1
bacon sketch,descriptive,short,,,1,60,1
barbed wire bat,descriptive,short,,,1,60,1
blood splatter,descriptive,short,,,1,60,1
deaths sword,descriptive,short,,,1,60,1
divine ratio,descriptive,short,,,1,60,1
drifellas,descriptive,short,,,1,60,1
eyes wide shut,descriptive,short,,,1,60,1
field recording,descriptive,short,,,1,60,1
fucking spiky headphones,descriptive,short,,,1,60,1
kidnapped,descriptive,short,,,1,60,1
lil uzi gem,descriptive,short,,,1,60,1
meth,descriptive,short,,,1,60,1
millenium master,descriptive,short,,,1,60,1
owned,descriptive,short,,,1,60,1
plush jester pastel,descriptive,short,,,1,60,1
polizei,descriptive,short,,,1,60,1
purple worm sketch,descriptive,short,,,1,60,1
radium,descriptive,short,,,1,60,1
sink baby,descriptive,short,,,1,60,1
skull cat,descriptive,short,,,1,60,1
spiked balls,descriptive,short,,,1,60,1
tour guide,descriptive,short,,,1,60,1
yo brother,descriptive,short,,,1,60,1
2,descriptive,short,,,1,59,1
benny boys place,descriptive,short,,,1,59,1
bisexual sketch,descriptive,short,,,1,59,1
cassidy,descriptive,short,,,1,59,1
chain,descriptive,short,,,1,59,1
cyber cygil overlay,descriptive,short,,,1,59,1
dirt,descriptive,short,,,1,59,1
mimikyu sketch,descriptive,short,,,1,59,1
moth,descriptive,short,,,1,59,1
pink cream,descriptive,short,,,1,59,1
plush pink,descriptive,short,,,1,59,1
richard notkin teapot,descriptive,short,,,1,59,1
samurai sword nose,descriptive,short,,,1,59,1
shot,descriptive,short,,,1,59,1
sketch bastard,descriptive,short,,,1,59,1
sketch4,descriptive,short,,,1,59,1
superman tags,descriptive,short,,,1,59,1
sword item,descriptive,short,,,1,59,1
aura ear muffs,descriptive,short,,,1,58,1
chair,descriptive,short,,,1,58,1
final fantasy iv,descriptive,short,,,1,58,1
fire,descriptive,short,,,1,58,1
got a light,descriptive,short,,,1,58,1
grenade,descriptive,short,,,1,58,1
homelander,descriptive,short,,,1,58,1
psp,descriptive,short,,,1,58,1
red gradient sketch,descriptive,short,,,1,58,1
roster sprites,descriptive,short,,,1,58,1
yoohoo,descriptive,short,,,1,58,1
contraption,descriptive,short,,,1,57,1
cyan,descriptive,short,,,1,57,1
dragon pet,descriptive,short,,,1,57,1
hieronymus,descriptive,short,,,1,57,1
molotov,descriptive,short,,,1,57,1
scout power reader,descriptive,short,,,1,57,1
shino skeleton,descriptive,short,,,1,57,1
snowman pikachu line,descriptive,short,,,1,57,1
worm,descriptive,short,,,1,57,1
batman cowl,descriptive,short,,,1,56,1
blue skull,descriptive,short,,,1,56,1
burglar,descriptive,short,,,1,56,1
catacombs,descriptive,short,,,1,56,1
chess,descriptive,short,,,1,56,1
cloth carnage,descriptive,short,,,1,56,1
condo abstract,descriptive,short,,,1,56,1
garbagemon,descriptive,short,,,1,56,1
head,descriptive,short,,,1,56,1
joker face,descriptive,short,,,1,56,1
jpop hair,descriptive,short,,,1,56,1
meshed cloth,descriptive,short,,,1,56,1
muzzle,descriptive,short,,,1,56,1
obsidian blade,descriptive,short,,,1,56,1
panda hood,descriptive,short,,,1,56,1
shield potion,descriptive,short,,,1,56,1
smudge pencil sketch,descriptive,short,,,1,56,1
tattooed skin,descriptive,short,,,1,56,1
tech gas mask,descriptive,short,,,1,56,1
world war 2,descriptive,short,,,1,56,1
apocolyptic hazmat head,descriptive,short,,,1,55,1
base cacoon maturity,descriptive,short,,,1,55,1
basquiat,descriptive,short,,,1,55,1
cat,descriptive,short,,,1,55,1
dr slumphat,descriptive,short,,,1,55,1
flesh star,descriptive,short,,,1,55,1
frank mask,descriptive,short,,,1,55,1
frazetta reaper,descriptive,short,,,1,55,1
jimmys,descriptive,short,,,1,55,1
nabler purse,descriptive,short,,,1,55,1
paintball splat,descriptive,short,,,1,55,1
spiky mace aura,descriptive,short,,,1,55,1
the code,descriptive,short,,,1,55,1
trash,descriptive,short,,,1,55,1
bacon marker sketch,descriptive,short,,,1,54,1
camo plush,descriptive,short,,,1,54,1
dragon,descriptive,short,,,1,54,1
earl chart painting,descriptive,short,,,1,54,1
game shark,descriptive,short,,,1,54,1
ghost sprites,descriptive,short,,,1,54,1
hard surface,descriptive,short,,,1,54,1
mew,descriptive,short,,,1,54,1
mighty ducks,descriptive,short,,,1,54,1
motherboard blade,descriptive,short,,,1,54,1
rocks,descriptive,short,,,1,54,1
rothko 4,descriptive,short,,,1,54,1
the grid,descriptive,short,,,1,54,1
black,descriptive,short,,,1,53,1
blown up car,descriptive,short,,,1,53,1
camo gengar plush,descriptive,short,,,1,53,1
colored pencil,descriptive,short,,,1,53,1
ditto sweets,descriptive,short,,,1,53,1
finish him,descriptive,short,,,1,53,1
frazetta,descriptive,short,,,1,53,1
garbage,descriptive,short,,,1,53,1
just tired,descriptive,short,,,1,53,1
knights sketch,descriptive,short,,,1,53,1
mia goth,descriptive,short,,,1,53,1
money store mask,descriptive,short,,,1,53,1
parasite,descriptive,short,,,1,53,1
polar bear,descriptive,short,,,1,53,1
scully,descriptive,short,,,1,53,1
slipmon,descriptive,short,,,1,53,1
stretched skin painting,descriptive,short,,,1,53,1
suicune,descriptive,short,,,1,53,1
super saiyan,descriptive,short,,,1,53,1
teddy,descriptive,short,,,1,53,1
american flag,descriptive,short,,,1,52,1
bacon ghost,descriptive,short,,,1,52,1
bedroom,descriptive,short,,,1,52,1
crunch bar,descriptive,short,,,1,52,1
de kooning,descriptive,short,,,1,52,1
diamond skull,descriptive,short,,,1,52,1
gas station,descriptive,short,,,1,52,1
gengar and haunter,descriptive,short,,,1,52,1
keyboard grenade,descriptive,short,,,1,52,1
killua,descriptive,short,,,1,52,1
perfect blue bathroom,descriptive,short,,,1,52,1
power ranger huddle,descriptive,short,,,1,52,1
question marks,descriptive,short,,,1,52,1
shinigami,descriptive,short,,,1,52,1
sports car,descriptive,short,,,1,52,1
woods,descriptive,short,,,1,52,1
axe,descriptive,short,,,1,51,1
brain transplant,descriptive,short,,,1,51,1
e boy hair,descriptive,short,,,1,51,1
no 2,descriptive,short,,,1,51,1
p90,descriptive,short,,,1,51,1
pokerus,descriptive,short,,,1,51,1
sword,descriptive,short,,,1,51,1
trunks,descriptive,short,,,1,51,1
vlone stanley cup,descriptive,short,,,1,51,1
war drawing,descriptive,short,,,1,51,1
water door,descriptive,short,,,1,51,1
wow map pack,descriptive,short,,,1,51,1
you died,descriptive,short,,,1,51,1
alien,descriptive,short,,,1,50,1
bladerunner,descriptive,short,,,1,50,1
chroma,descriptive,short,,,1,50,1
cockpit,descriptive,short,,,1,50,1
condo sketch,descriptive,short,,,1,50,1
glitter holo,descriptive,short,,,1,50,1
grenade store,descriptive,short,,,1,50,1
health bar,descriptive,short,,,1,50,1
jacobs ladder,descriptive,short,,,1,50,1
lecture,descriptive,short,,,1,50,1
lets ride,descriptive,short,,,1,50,1
lollipop,descriptive,short,,,1,50,1
monster,descriptive,short,,,1,50,1
moonlight,descriptive,short,,,1,50,1
overgrown car,descriptive,short,,,1,50,1
shy guy,descriptive,short,,,1,50,1
sniper hut,descriptive,short,,,1,50,1
2 emojis,descriptive,short,,,1,49,1
69%off,descriptive,short,,,1,49,1
box,descriptive,short,,,1,49,1
condo,descriptive,short,,,1,49,1
graverobbers,descriptive,short,,,1,49,1
hood,descriptive,short,,,1,49,1
lock and key,descriptive,short,,,1,49,1
mtg orb,descriptive,short,,,1,49,1
spacship,descriptive,short,,,1,49,1
twilight,descriptive,short,,,1,49,1
wrightson,descriptive,short,,,1,49,1
ye hood,descriptive,short,,,1,49,1
antlers,descriptive,short,,,1,48,1
bacon doorway,descriptive,short,,,1,48,1
bandage wrapped head,descriptive,short,,,1,48,1
barbed wire heart,descriptive,short,,,1,48,1
elixir wall,descriptive,short,,,1,48,1
goon cave,descriptive,short,,,1,48,1
mulholland drive,descriptive,short,,,1,48,1
pewdiepie,descriptive,short,,,1,48,1
polymerization,descriptive,short,,,1,48,1
toji class,descriptive,short,,,1,48,1
venom mask,descriptive,short,,,1,48,1
100 emoji,descriptive,short,,,1,47,1
ashley wood girl,descriptive,short,,,1,47,1
bacon splash brush,descriptive,short,,,1,47,1
dark brotherhood,descriptive,short,,,1,47,1
laser tag,descriptive,short,,,1,47,1
lynch photo,descriptive,short,,,1,47,1
monestary dj set,descriptive,short,,,1,47,1
room,descriptive,short,,,1,47,1
smashed tv,descriptive,short,,,1,47,1
tweety birds,descriptive,short,,,1,47,1
Stańczyk painting,descriptive,short,,,1,46,1
asspizza bedroom,descriptive,short,,,1,46,1
castle w moat,descriptive,short,,,1,46,1
change of heart,descriptive,short,,,1,46,1
gaming cards pack,descriptive,short,,,1,46,1
ghostface,descriptive,short,,,1,46,1
girls in woods,descriptive,short,,,1,46,1
handshake,descriptive,short,,,1,46,1
ink in sink,descriptive,short,,,1,46,1
rothko maker,descriptive,short,,,1,46,1
ye and bianca,descriptive,short,,,1,46,1
airbrush,descriptive,short,,,1,45,1
ashley wood sketch,descriptive,short,,,1,45,1
chaotic,descriptive,short,,,1,45,1
donda shades,descriptive,short,,,1,45,1
firefight,descriptive,short,,,1,45,1
gekked up,descriptive,short,,,1,45,1
green mist painting,descriptive,short,,,1,45,1
lotr cave,descriptive,short,,,1,45,1
red dot,descriptive,short,,,1,45,1
rothko 1,descriptive,short,,,1,45,1
tennis court,descriptive,short,,,1,45,1
think fast,descriptive,short,,,1,45,1
tranq,descriptive,short,,,1,45,1
911hat,descriptive,short,,,1,44,1
alien set,descriptive,short,,,1,44,1
bombed building,descriptive,short,,,1,44,1
circumcision scar,descriptive,short,,,1,44,1
digimon hud,descriptive,short,,,1,44,1
ice kitchen,descriptive,short,,,1,44,1
kino,descriptive,short,,,1,44,1
knight in museum,descriptive,short,,,1,44,1
noble,descriptive,short,,,1,44,1
1930s bw cartoon,descriptive,short,,,1,43,1
ac 130,descriptive,short,,,1,43,1
batman adventures bg,descriptive,short,,,1,43,1
frazetta thumbnail study,descriptive,short,,,1,43,1
hallway,descriptive,short,,,1,43,1
hospital,descriptive,short,,,1,43,1
nightime,descriptive,short,,,1,43,1
number 46,descriptive,short,,,1,43,1
rothko 2,descriptive,short,,,1,43,1
tranquility,descriptive,short,,,1,43,1
bacon fist fight,descriptive,short,,,1,42,1
bacon ghost 2,descriptive,short,,,1,42,1
gamer room,descriptive,short,,,1,42,1
glove,descriptive,short,,,1,42,1
red arrows,descriptive,short,,,1,42,1
rothko 3,descriptive,short,,,1,42,1
attic,descriptive,short,,,1,41,1
balloons,descriptive,short,,,1,41,1
castle,descriptive,short,,,1,41,1
mining rig,descriptive,short,,,1,41,1
msg,descriptive,short,,,1,41,1
painterly,descriptive,short,,,1,41,1
red clouds,descriptive,short,,,1,41,1
spiky toji painting,descriptive,short,,,1,41,1
yellow axe,descriptive,short,,,1,41,1
bat turtle painting,descriptive,short,,,1,40,1
casino,descriptive,short,,,1,40,1
despair,descriptive,short,,,1,40,1
door bolts,descriptive,short,,,1,40,1
evanesence,descriptive,short,,,1,40,1
frazetta moonlight,descriptive,short,,,1,40,1
ingots,descriptive,short,,,1,40,1
ralph bakshi painting,descriptive,short,,,1,39,1
strangled red,descriptive,short,,,1,39,1
overgrowth,descriptive,short,,,1,38,1
tunnel,descriptive,short,,,1,38,1
book,descriptive,short,,,1,37,1
bunny,descriptive,short,,,1,37,1
moebius,descriptive,short,,,1,37,1
shattered glass,descriptive,short,,,1,36,1
sketched room,descriptive,short,,,1,36,1
bacon figures,descriptive,short,,,1,34,1
plaguespreader zombie,descriptive,short,,,1,34,1
bane,descriptive,short,,,1,33,1
bloody room,descriptive,short,,,1,33,1
frazetta self portrait,descriptive,short,,,1,32,1
hiroshima,descriptive,short,,,1,32,1
trader retard,descriptive,short,Y,nft,0,116,1
lego nazi zombies,descriptive,short,Y,,0,92,1
based retard gang,descriptive,short,Y,ironic,0,73,1
BORED APE NAZI CLUB,declarative,medium,Y,nft,0,54,1
retard absorber,descriptive,short,Y,,0,54,1
youre a fag and your shits all retarded,declarative,medium,Y,,0,48,1
cruicdrifella,descriptive,short,,,0,26,1
