phrase,field,count
buttons,eyes,235
nikolai fechin glasses,eyes,225
sleppy,eyes,224
spiky shades,eyes,224
crying,eyes,222
flail,right_hand,220
pixelady star,eyes,220
white swirl,eyes,218
scarlet eyes,eyes,216
3 eye,eyes,216
wao wao,eyes,215
dead,eyes,212
pixel cry,eyes,211
red tears$19PNG,eyes,210
cartoon,eyes,207
beat n bruised,eyes,207
silver hand shades,eyes,206
beauty,eyes,206
astro boy,eyes,203
gonna die,eyes,203
mangekyo sharingan left bleed,eyes,203
bored,eyes,200
mimany nutmugs_,eyes,198
ghost angry,eyes,198
venom,eyes,197
angry,eyes,197
miller batman eyes,eyes,197
seethe,eyes,196
zerpy,eyes,195
ghaslty,eyes,194
sketch,eyes,192
geek,eyes,192
lax,eyes,190
bloodshot tv hearts,eyes,190
heart eyes,eyes,190
mad,eyes,189
jokermad,eyes,187
squinting,eyes,187
mangekyo sharingan right bleed,eyes,186
blue tears,eyes,185
sanic,eyes,185
deflated,eyes,184
anime blush,eyes,183
dratini high,eyes,180
kid buu,eyes,178
spiral,eyes,176
fang red,eyes,176
mew wink,eyes,175
blazed,eyes,174
gengar,eyes,174
moneys,eyes,172
side smile,mouth,138
tiger,mouth,137
junko wojak,mouth,134
wet,cloth,132
fang,mouth,131
ghastly,mouth,131
bloody smile,mouth,130
lego joker,mouth,129
cigs,mouth,129
silly,mouth,128
greed,mouth,128
piss stained goblin shirt,cloth,127
drained,mouth,127
milady happy,mouth,127
wide smile,mouth,126
zombie zip up,cloth,125
biting lip,mouth,124
seethe,mouth,124
murakami,mouth,124
evil pepe with cigar,mouth,124
skull,mouth,124
candy bape hoodie,cloth,123
ornate jacket,cloth,123
kill you red puffer,cloth,122
shiny grill,mouth,122
go go ackman,mouth,122
winter jacket,cloth,122
creepypasta,mouth,122
rodman jersey,cloth,122
braces,mouth,122
griffith smile,mouth,121
general with gun,cloth,121
poofy white tee,cloth,120
demonbat,mouth,119
sanic,mouth,119
spider,mouth,119
tongue,mouth,119
towel,cloth,119
zombie,mouth,119
jean jacket,cloth,118
teeth,mouth,118
mimany cig,mouth,117
girls heart my swag,cloth,117
smile,mouth,117
maroon jersey,cloth,117
grit,mouth,117
asspizza gobln shirt,cloth,117
milady smirk,mouth,117
trader retard,cloth,116
demon pit,mouth,116
bacon,mouth,116
chad,mouth,115
work fit,cloth,115
taz grill,mouth,115
tank girl smoking,mouth,115
gold grill,mouth,115
anime with blood,mouth,115
silver bubble jacket,cloth,114
daddys lil monster,cloth,114
dithered armor,cloth,113
gengar smile,mouth,113
yugioh gx hoodie,cloth,113
gray hoodie,cloth,113
superman,cloth,113
shiny and chrome,mouth,113
cubone,mouth,113
ghillie suit,cloth,113
kid buu,mouth,113
smoky,mouth,113
i heart bladee,cloth,113
snoot bubble,mouth,112
ye,cloth,112
triple box logo,cloth,112
lean beef patty,cloth,112
backwards pill cyber jac,cloth,112
clear raincoat,cloth,112
rainbow,mouth,111
bape mape zip up,cloth,111
be different hoodie,cloth,111
pepe yell,mouth,110
grimer,mouth,110
death stranding,cloth,110
bullet bill spike teeth,mouth,110
troll,mouth,110
joker mouth,mouth,109
the charlie brown,mouth,109
cdg camo heart tee,cloth,109
inked shirt,cloth,109
joker smile,mouth,109
nwo shirt,cloth,109
chris chan rugby longsleeve,cloth,108
sweeper manga,mouth,108
lax,mouth,108
drained,cloth,108
ghost,mouth,108
ghastly smile,mouth,108
evil prof oak shirt,cloth,108
batman clench,mouth,107
college dropout,cloth,106
cat open,mouth,106
big joint,mouth,106
eat,mouth,106
straight jacket,cloth,106
yugi and joey shirt,cloth,106
warlax backpack,accessory,106
joker jared leto,mouth,105
goofy,mouth,105
underverse tattered shirt,cloth,105
leather general coat,cloth,105
mini venom mouth,mouth,105
thief fit,cloth,105
gaara w teddy,cloth,105
metal skelly,cloth,105
chipmunk,mouth,105
tek vest hoodie,cloth,105
mad,mouth,105
duck camo,cloth,104
snowy hoodie,cloth,104
dont care shirt,cloth,104
medic,cloth,104
idiot,cloth,104
joker troll,mouth,103
barf,mouth,103
evil tomato,mouth,103
shoplifter,cloth,103
suit,cloth,103
red pray shirt,cloth,102
thrashed pink hoodie,cloth,102
sans tongue,mouth,102
deaths head moth,mouth,102
goku,cloth,102
drool,mouth,102
newsprint spike,mouth,102
wow zip hoodie,cloth,102
swagtoshi nakamoto,cloth,101
devil world raf simmons,cloth,101
tie dye smiley,cloth,101
tongue out,mouth,101
honor thy father bloody shirt,cloth,100
raf simmons virginia creeper,cloth,100
spiked,cloth,100
me and her joint,mouth,100
ryuk,mouth,100
vivienne westwood gem jacket,cloth,99
latex skelly,cloth,99
skeleton hoodie,cloth,99
buying a t shirt,cloth,99
cross with jacket,cloth,99
red paint,cloth,99
thrashed white tee,cloth,98
hoodie arms up,cloth,98
ye,mouth,98
carnage,mouth,97
akira black and gray,cloth,97
vetements kanye hoodie,cloth,97
demon grin,mouth,96
mw2 pray shirt,cloth,96
trad wojak,cloth,96
fuzzy nose,nose,96
silent hill 2 zip,cloth,95
after hood,cloth,95
white bomber,cloth,95
tech armor,cloth,95
mouth with cig yo,mouth,95
shinji puffer,cloth,95
torn hoodie blue,cloth,95
thrashed vtg nature sweater,cloth,95
jock joker,mouth,94
golden spiky demon grill,mouth,94
bandage,nose,94
pissed cartman no respect,mouth,93
prada,mouth,93
im gay tee,cloth,92
clear skelly,cloth,92
blast,background_plus,92
pokeball necklace,accessory,92
red cloud jacket,cloth,92
lego nazi zombies,right_hand,92
phantom troupe,tattoos,92
manga missing tooth,mouth,92
micro fishing,right_hand,91
clown nose,nose,91
toon spiky,mouth,91
my wife,right_hand,91
blue wolf,right_hand,90
nettspend hand,right_hand,90
conker smile,mouth,90
cyborg,cloth,89
someone with autism stole my wallet heart,right_hand,89
shoulder pads,cloth,88
community rpg shoutsout community,right_hand,87
trench coat,cloth,87
green cloak,cloth,87
nun,cloth,86
blu mtn dew,right_hand,86
shotgun reload,right_hand,85
sonichu medallion,accessory,85
kill all solana nfts,right_hand,84
hisoka,tattoos,84
milk jug,right_hand,84
gockette,right_hand,83
archmage,right_hand,83
monkey bomb,left_hand,82
pencil sketch dragon,body,82
yori sport,body,82
dratini anime,body,82
abstract light sketch,body,81
matrix phone,right_hand,81
bladee reaper,background_plus,81
chained deck,left_hand,81
mace,right_hand,81
umbreon,background_plus,81
grab,left_hand,81
light aura sketch,body,80
needle sketch,body,80
duel disk,right_hand,80
harley quinn bat,right_hand,80
toji 100,background_plus,80
cat hashbrown,right_hand,80
silver nuke,right_hand,80
pearl sketch,body,80
baby gray blood sketch,body,79
mint plush,body,79
blue horsey sketch,body,79
black demon sketch,body,78
wet water,body,78
chronos,background_plus,78
FUEL,right_hand,78
maroon smile sketch,body,78
black yarn,body,78
robot dog,right_hand,78
dirt hand cookie,right_hand,77
yellow,body,77
lynch doodle,background_plus,77
blood,background_plus,77
jesus,left_hand,77
guillotine,right_hand,77
brick,body,77
dragon sketch,body,77
blue scythe,right_hand,77
assault rifle,right_hand,77
ghost,body,76
apocalyptic,body,76
pink white sketch,body,76
strawberry,body,76
abstract baby drif,body,76
abstract graphite sketch,body,76
mifella at compoter,left_hand,76
real bandage,nose,76
black gem,body,76
toon world,background_plus,76
pencil zombie sketch,body,76
purple gem,body,75
shoot,left_hand,75
ny cap,head,75
playing game,right_hand,75
ryuk,body,75
threesum,right_hand,75
plush denim,body,75
cards,right_hand,75
pink blok sketch,body,75
shoot myself,right_hand,75
radiated hands,right_hand,75
stone,body,75
spiky apple,left_hand,75
shadow wizard hands,left_hand,75
bunny delivery,right_hand,75
my favorite cards,left_hand,74
scardey cat,left_hand,74
warzone,body,74
heath ledger joker,body,74
uchiha chip,background_plus,74
blue aura sketch,body,74
pregnant milady,background_plus,74
red afterhood,cloth,74
lofi distroyed sketch,body,74
rick crocs,left_hand,74
edge,background_plus,74
halo 3,right_hand,74
sketch1,body,74
spiderman sketch,body,74
birthday cake,left_hand,74
my clash base,right_hand,74
rings of fire,background_plus,73
floppy disks,left_hand,73
tommy,right_hand,73
my lean,right_hand,73
based retard gang,overlay,73
shackled,right_hand,73
cow print,body,73
packapunch raygun,right_hand,73
melting sketch,body,73
psychic energy,left_hand,73
sans,background_plus,73
shocked dude,background_plus,73
drifella armor,body,73
orange cream plush,body,73
mimics,background_plus,73
stalker hand,right_hand,73
my game,left_hand,73
pokeball,background_plus,72
abstract pastel sketch,body,72
reaper scythe,right_hand,72
bomb,left_hand,72
snake,right_hand,72
thrashed dirty,body,72
white gloves with gun,right_hand,72
regigigas,background_plus,72
anime heart,body,72
zip transparent leather,body,72
sonichu on crucifx,right_hand,72
IMG_1428,background_plus,72
vax,right_hand,72
pixel post demon,body,71
louie vuitton,body,71
fawn bat,right_hand,71
lightning bolts,background_plus,71
marker pixel orange,body,71
mint sketch,body,71
normal,body,71
meyomme ghostface,body,71
memento photo,right_hand,71
milk pour,right_hand,71
skull baby drifella,right_hand,71
yuh,overlay,71
chicken wing,right_hand,70
demon dog,right_hand,70
red gray stitched,body,70
feeding roach,right_hand,70
outmoded sword,right_hand,70
ice cream cone,left_hand,70
bats,right_hand,70
eraserhead baby,left_hand,70
monster reborn,right_hand,70
guns,background_plus,70
barbarian,background_plus,70
vegeta,body,70
wizard software,overlay,70
gameboy,background_plus,70
spiky drifella,right_hand,70
mossy,body,70
bisexual plush,body,70
sketch2,body,70
mini party hat,head,70
biscuit,left_hand,70
tiger paws,left_hand,70
joker card,right_hand,70
smokes,left_hand,70
slimes,background_plus,70
young thug plush,body,70
mean pills,left_hand,70
glpw orb sketch,body,69
pot of greed,left_hand,69
red pinnk white sketch,body,69
my call of duty,head,69
black ops,background,69
AAAAAAAAAAAAAAA,overlay,69
black blue yarn,body,69
submachine gun right,right_hand,69
plush red,body,69
rickies,body,69
mcdonalds sketch,body,69
plush torn jester,body,69
chrome dice,left_hand,69
nails,overlay,69
lifting,right_hand,69
pink leather latex,body,69
plush jester,body,69
multiple pistols,left_hand,69
green sketch,body,69
stars,background_plus,69
yugioh printed card,background,69
dithered,body,68
blood pint,body,68
gumball machine,left_hand,68
lego zooka,right_hand,68
fire sale,left_hand,68
dmg,body,68
pixel dither tan,body,68
rainbow party hat,head,68
pink sketch,body,68
meyomme dratini drawing,left_hand,68
selfie,right_hand,68
death sacred heart,left_hand,68
spngebob snapback,head,68
fortnite nerf gun,right_hand,68
pixel violet glow,body,68
garbage bag,body,68
who needs brain cells when you have swag,overlay,67
pixel gray,body,67
100 emoji hat,head,67
leather demon bat hat,head,67
soda pops,right_hand,67
pussy eater,overlay,67
guinea pig,right_hand,67
free,overlay,67
orbs,body,67
cow hide,body,67
abstract night cat sketch,body,67
sketch pixel bastard,body,67
bianca,right_hand,67
Are you real,overlay,67
dark magician aura sword,left_hand,67
sketch5,body,67
drak aura sketch,body,67
zooka aura,right_hand,67
chugging cola,left_hand,67
worm sticker,background_plus,67
cross,left_hand,67
radioactive mug,left_hand,67
weed,body,67
mimikyu,body,67
groudon plush,right_hand,66
destroyed gameboy,right_hand,66
light glow sketch,body,66
stitched,body,66
life would be much easier,overlay,66
nuke,background_plus,66
shadow mage,head,66
dont give me orders,right_hand,66
psychadelic,body,66
painterly (2),background_plus,66
dragonite,head,66
youre in her dms im letting greed corrupt me,overlay,66
wojak black girl,left_hand,66
blue sketch,body,66
planting bomb,background_plus,66
blade phone,right_hand,66
pain,right_hand,66
depr hyper real,body,66
bloody margielas,body,66
pistol,right_hand,66
aluminum foil sword,left_hand,66
cherry blossom,body,65
ye fit,background_plus,65
marker pixel bastard 2,body,65
milk,overlay,65
dragonair,right_hand,65
sacred heart,right_hand,65
gray sketch,body,65
convenience store,background,65
lilac portal,body,65
shiny punk espeon,left_hand,65
wojak drifella,body,65
blue pokemon swag,background,65
stitched blood sketch,body,65
metal fabrics,background,65
sketch orange cream,body,65
plush rotting,body,65
digital camo plush,body,65
lava,body,65
officer peaked another soviet comrade,head,65
kid buu hand,right_hand,65
thick goth lola bunny,right_hand,65
ak,left_hand,64
shadow fella,body,64
toon blue eyes white dragon,left_hand,64
garchomp pin,left_hand,64
paint,body,64
carnage sketch,body,64
money spread,left_hand,64
ghost pencil sketch,body,64
red glow,body,64
raeoww paw,right_hand,64
lavender town,background,64
basquiat head,background_plus,64
moogle sprite sheet,overlay,64
hxh wolf,right_hand,64
white dithered stars,overlay,64
nettspend smoke,left_hand,64
heart hands,right_hand,64
prestige,left_hand,64
the fool rock negative,left_hand,64
yummy toast,left_hand,64
conciousness energy grid,overlay,63
boxing gloves,left_hand,63
red painting,body,63
diamond,body,63
meat heart,right_hand,63
over 9000,overlay,63
drifella birth,right_hand,63
skull dice,background_plus,63
jeff jones,background,63
derp realistic,body,63
slay flop,overlay,63
plush blue,body,63
black leather latex,body,63
z electric chair,background_plus,63
bastard gan,body,63
cuckfella fbi hat,head,63
negative saturn scuffed,body,63
pixel camo sketch,body,63
wings,left_hand,63
young thug gem,body,62
remember who you are fighting for,background,62
swap,background_plus,62
days never finished,overlay,62
party hat,head,62
sketch3 rosy cheeks,body,62
bomb,overlay,62
harley quinn,head,62
marker pixel pink yellow,body,62
rpg,left_hand,62
airbrush hat,head,62
shinji on bus,background,62
chaos zombie,background,62
peace,left_hand,62
skelly,background_plus,62
jesus vhs 911 edition,left_hand,62
submachine gun left,left_hand,62
fentanyl,overlay,62
bgplus,background_plus,62
plush lilac,body,61
comic shroud,overlay,61
i feel like dying hat,head,61
life is pain,overlay,61
dark stars,overlay,61
ballistic hockey mask,head,61
jason mask,head,61
lava,background,61
kit,left_hand,61
doves,background_plus,61
marker pixel bastard,body,61
cloth blood,body,61
young thug sketch,body,61
black furry,body,61
ancient mew card,background_plus,61
my girant isopod phone case,left_hand,60
radium,left_hand,60
wake up we gotta turn the power on,overlay,60
sink baby,background,60
black ops 2 speech bubble,overlay,60
drifellas,left_hand,60
yo brother,overlay,60
polizei,head,60
blood splatter,overlay,60
field recording,left_hand,60
plush jester pastel,body,60
thank you lord for this here perc 30,overlay,60
divine ratio,overlay,60
lil uzi gem,head,60
owned,overlay,60
tour guide,overlay,60
millenium master,left_hand,60
spiked balls,left_hand,60
frazetta death dealers,background_plus,60
bacon sketch,background,60
meth,background_plus,60
packapunch,background,60
matrix coded,background,60
deaths sword,left_hand,60
fucking spiky headphones,head,60
skull cat,body,60
mifella aura,body,60
purple worm sketch,body,60
kidnapped,left_hand,60
wizard m hat,head,60
eyes wide shut,overlay,60
barbed wire bat,left_hand,60
black dead hands,left_hand,60
gengar,background,60
you cant beat a man that battles with himself every day,overlay,60
sketch bastard,body,59
drifella kill scene,background,59
ceramic chambered mifella heart,left_hand,59
benny boys place,background,59
rip avant nft wave,left_hand,59
this doesnt bode well,overlay,59
fang reaper meme,background,59
cassidy,body,59
samurai sword nose,head,59
vingette shadow,overlay,59
moth,overlay,59
shot,left_hand,59
pink cream,body,59
sword item,left_hand,59
im in love with my gf dont talk to me she has a nuclear bomb,overlay,59
sketch4,body,59
anime eye rock,left_hand,59
chain,background_plus,59
superman tags,left_hand,59
touching grass isnt enough,overlay,59
plush pink,body,59
mimikyu sketch,body,59
bisexual sketch,body,59
dirt,body,59
wrapped dratini sketch,body,59
cyber cygil overlay,overlay,59
mewtwo in red circle,overlay,59
yugioh match,background,59
2,overlay,59
ghost and anime girl,background,59
giratina at mcdonalds,background,59
richard notkin teapot,left_hand,59
drifella chart painting,background,58
born to drain mud is a fuck,overlay,58
dratini,left_hand,58
psp,left_hand,58
s drip,overlay,58
aura ear muffs,head,58
chair,left_hand,58
final fantasy iv,overlay,58
red gradient sketch,body,58
got a light,left_hand,58
fire,overlay,58
grenade,left_hand,58
dark magician spiky headphones,head,58
dratini,background,58
faygo elfbar,left_hand,58
bullet holes,overlay,58
its over were back,overlay,58
yoohoo,left_hand,58
roster sprites,overlay,58
cannot use this item offline,overlay,58
homelander,body,58
swag coin fistbump,left_hand,58
injection fairy lily,background,58
dragon pet,left_hand,57
snowman pikachu line,left_hand,57
drifella angel hat,head,57
shino skeleton,body,57
sony hat princess diana,head,57
void,background,57
cyan,body,57
left anime gun,left_hand,57
wow it is literally me meme,background,57
worm,left_hand,57
contraption,overlay,57
blood drip,overlay,57
hieronymus,background,57
in case of fire,right_hand,57
molotov,left_hand,57
scout power reader,head,57
red painting,left_hand,56
his ass is not a software engineer,overlay,56
be ready to fight the horde,overlay,56
meshed cloth,body,56
head,left_hand,56
world war 2,background,56
smudge pencil sketch,body,56
i wake up i engage in tomfoolery,overlay,56
catacombs,background,56
condo abstract,background,56
muzzle,head,56
tech gas mask,head,56
batman cowl,head,56
joker face,head,56
obsidian blade,left_hand,56
cloth carnage,body,56
ethan backwards cap,head,56
chess,background_plus,56
burglar,head,56
blue skull,background,56
i can sleep anywhere,overlay,56
garbagemon,right_hand,56
orko hat,head,56
twilight manga,background,56
frazetta with gun,background,56
shield potion,left_hand,56
panda hood,head,56
jpop hair,head,56
tattooed skin,body,56
swag coin,left_hand,56
basquiat,background,55
apocolyptic hazmat head,head,55
cat,overlay,55
trash,overlay,55
the code,overlay,55
spiky mace aura,right_hand,55
person who keeps gambling,overlay,55
ibuprofen,overlay,55
dr slumphat,head,55
dratini hat,head,55
knit cat ear balaclava,head,55
it takes a little treat to tame a beast,overlay,55
flesh star,overlay,55
frank mask,head,55
frazetta reaper,left_hand,55
nabler purse,left_hand,55
jimmys,overlay,55
base cacoon maturity,overlay,55
paintball splat,overlay,55
btc laser eyes,overlay,54
rainbow runescape selling,overlay,54
game shark,left_hand,54
camo plush,body,54
puca hat,head,54
rothko 4,background,54
ghost sprites,overlay,54
kill,overlay,54
earl chart painting,background,54
motherboard blade,left_hand,54
something about us moon,background,54
i have two sides,overlay,54
BORED APE NAZI CLUB,overlay,54
rocks,background,54
mighty ducks,head,54
bullets,background_plus,54
money hat,head,54
you want muffin,left_hand,54
hard surface,body,54
mew,overlay,54
the grid,background,54
bacon marker sketch,background,54
dragon,body,54
retard absorber,overlay,54
parasite,background,53
polar bear,background,53
just tired,overlay,53
stretched skin painting,background,53
black,background,53
colored pencil,body,53
gan hat,head,53
money store mask,head,53
missing no and jellyfish uap,left_hand,53
teddy,left_hand,53
slipmon,overlay,53
femcel,overlay,53
dragonite,background,53
garbage,overlay,53
ditto sweets,background,53
scully,background,53
blown up car,background,53
knights sketch,background,53
finish him,overlay,53
camo gengar plush,left_hand,53
charizard,background,53
aura m hat,head,53
super saiyan,head,53
suicune,background,53
red leather hat,head,53
nes gun,right_hand,53
frazetta,background,53
gengar pinball sprite sheet,background,53
anime tax fraud hat,head,53
mia goth,overlay,53
woods,body,52
american flag,background,52
question marks,overlay,52
doomer beanie,head,52
crunch bar,left_hand,52
killua,head,52
6 shooter,left_hand,52
stars,overlay,52
keyboard grenade,left_hand,52
bacon ghost,background,52
gengar and haunter,left_hand,52
alien hat,head,52
bedroom,background,52
shadow wizard goblin,background,52
perfect blue bathroom,background,52
skull of mary magdeline shrine,background,52
gas station,background,52
earl chart painting in my living room,background,52
de kooning,background,52
power ranger huddle,background,52
diamond skull,head,52
mc ride playing club penguin,background,52
shinigami,background,52
sports car,left_hand,52
wow map pack,background,51
i am rooting for you,background,51
wolf knight helmet,head,51
e boy hair,head,51
you died,overlay,51
fired from mcdonalds,overlay,51
baby yoshis,overlay,51
axe,right_hand,51
house party  nearby im bringing weird guys,background,51
aborted drifella,left_hand,51
yugioh back,background,51
trunks,background,51
no 2,overlay,51
sword,overlay,51
aura crown of thorns,head,51
brain transplant,overlay,51
vlone stanley cup,left_hand,51
war drawing,background,51
silent hill 2 crtv,background,51
p90,left_hand,51
lean and ecco,background,51
the life of drifella,overlay,51
michael and jason mask,head,51
spinner hat,head,51
snowy graveyard,background,51
pokerus,overlay,51
water door,background,51
monster,background,50
mewtwo,background,50
lecture,background,50
grenade store,background,50
glitter holo,overlay,50
jacobs ladder,background,50
margiela jewel mask,head,50
chroma,overlay,50
cool umbreon,left_hand,50
health bar,overlay,50
sniper hut,background,50
cockpit,background,50
alien,left_hand,50
lets ride,background,50
moonlight,background,50
bladerunner,background,50
imagine fentanyl here,overlay,50
overgrown car,background,50
condo sketch,background,50
shy guy,left_hand,50
drifella drawing,background,50
solana,overlay,50
lollipop,body,50
spacship,background,49
btc fear greed index,left_hand,49
drifella film screenshot,background,49
lock and key,overlay,49
how to catch a milk thief,overlay,49
box,background,49
twilight,background,49
wrightson,background,49
69%off,overlay,49
hood,head,49
mtg orb,background,49
ye hood,head,49
2 emojis,overlay,49
edward and bella playing chess,overlay,49
condo,background,49
graverobbers,background,49
shadow cell,background,48
bandage wrapped head,head,48
i like getting my boot hole licked by nft monkeys,overlay,48
venom mask,head,48
toji class,background,48
she want me cuz im normal,overlay,48
shoot up the party,overlay,48
youre a fag and your shits all retarded,overlay,48
bacon doorway,background,48
goon cave,background,48
solana cap,head,48
pewdiepie,background,48
elixir wall,background,48
polymerization,background,48
antlers,head,48
barbed wire heart,overlay,48
paint m hat,head,48
mulholland drive,background,48
laser tag,background,47
100 emoji,overlay,47
dark brotherhood,background,47
yall dont fuck with music like i do,overlay,47
jpeg in front of tarp,background,47
black ops on my tv,background,47
room,background,47
spiky yung lean bladee,background,47
monestary dj set,background,47
no love deep web,background,47
tojiba ring horror,background,47
tweety birds,overlay,47
minecraft dungeon,background,47
smashed tv,background,47
chrome hearts mousetrap,left_hand,47
lynch photo,background,47
bacon splash brush,overlay,47
ashley wood girl,background,47
me gay chair v5,background,46
ye and bianca,background,46
handshake,background,46
castle w moat,background,46
Stańczyk painting,background,46
swag weed girl,background,46
ye net and yahoo,background,46
rothko maker,left_hand,46
ghostface,head,46
gaming cards pack,background,46
asspizza bedroom,background,46
ink in sink,background,46
rhino dick pill,overlay,46
girls in woods,background,46
change of heart,background,46
lotr cave,background,45
chaotic,background,45
praying to your flight god,background,45
tranq,background,45
ren and stimpy bg2,background,45
tennis court,background,45
ashley wood sketch,background,45
firefight,background,45
legendary collection dratini,background,45
griffith helmet,head,45
csgo stitch,background,45
donda shades,head,45
airbrush,background,45
blue eyes toon painting,background,45
heaven,background,45
dratini health,overlay,45
shadow wizard in hotel,background,45
revive me nurse,background,45
think fast,overlay,45
bacon priest,background,45
girls love a man in armor,background,45
I SPEND MONEY LIKE ITS COD ZOMBIES,background,45
gekked up,overlay,45
rothko 1,background,45
bringing freedom and democracy to an oil rich country near you,overlay,45
green mist painting,background,45
you've been liquidated,overlay,45
spiky fuzzy hat,head,45
red dot,overlay,45
the silence of the lambs,background,44
bombed building,background,44
spiked ear hat,head,44
911hat,head,44
circumcision scar,overlay,44
guns,overlay,44
alien set,background,44
anime mist,background,44
ice kitchen,background,44
noble,head,44
knight in museum,background,44
digimon hud,overlay,44
kino,overlay,44
number 46,overlay,43
hallway,background,43
tranquility,overlay,43
rothko 2,background,43
frazetta thumbnail study,background,43
nightime,background,43
1930s bw cartoon,background,43
tablet,background,43
batman adventures bg,background,43
hospital,background,43
ac 130,background,43
this shit laced im tweakkinn ahhhhhh,overlay,43
bacon ghost 2,background,42
gothic top hat,head,42
bacon fist fight,background,42
card pulls,background,42
TAKE ALL YOUR MONEY OUT OF THE BANK,background,42
rolling into the function,overlay,42
red arrows,overlay,42
rothko 3,background,42
glove,head,42
dratini line sprite sheets,overlay,42
gamer room,background,42
evangelion,background,41
attic,background,41
balloons,background,41
white house mcdonalds order,background,41
ss drip,overlay,41
red clouds,background,41
painterly,background,41
hieronymus bosch meme,background,41
mining rig,background,41
castle,background,41
msg,background,41
spiky toji painting,background,41
yellow axe,left_hand,41
casino,background,40
dragonite evolve,head,40
girls heart my swag,overlay,40
despair,background,40
bat turtle painting,background,40
frazetta moonlight,background,40
door bolts,overlay,40
church graveyards,background,40
evanesence,background,40
this picture broke my heart,overlay,40
paint,background,40
ingots,overlay,40
ren and stimpy bg1,background,39
strangled red,overlay,39
burning monk,background,39
explosion sprite sheet,overlay,39
wojak sunset,background,39
ralph bakshi painting,background,39
cloth horn hat,head,38
overgrowth,background,38
HELL,overlay,38
tunnel,background,38
bunny,head,37
moebius,background,37
book,background,37
shattered glass,overlay,36
sketched room,background,36
bacon figures,background,34
plaguespreader zombie,background,34
bloody room,background,33
bane,head,33
hiroshima,background,32
frazetta self portrait,background,32
death note manha cover,background,26
cruicdrifella,body,26
heath ledger joker concept,body,2
