phrase,count,fields
noise1,500,noise
seethe,21,mouth;eyes
beat n bruised,19,eyes
squinting,18,eyes
wet,17,cloth
ye,16,cloth;mouth
astro boy,16,eyes
sleppy,16,eyes
flail,15,right_hand
lax,15,mouth;eyes
buttons,14,eyes
nikolai fechin glasses,14,eyes
mimany nutmugs_,14,eyes
cartoon,14,eyes
drained,13,cloth;mouth
spider,13,mouth
dead,13,eyes
mangekyo sharingan left bleed,13,eyes
wao wao,13,eyes
fang red,12,eyes
bloodshot tv hearts,12,eyes
blue tears,12,eyes
gonna die,12,eyes
sanic,12,mouth;eyes
crying,12,eyes
snoot bubble,12,mouth
ryuk,11,body;mouth
beauty,11,eyes
silver hand shades,11,eyes
moneys,11,eyes
griffith smile,10,mouth
angry,10,eyes
scarlet eyes,10,eyes
bored,10,eyes
bomb,10,left_hand;overlay
white swirl,10,eyes
3 eye,10,eyes
kid buu,10,mouth;eyes
evil pepe with cigar,10,mouth
fuzzy nose,10,nose
bandage,10,nose
mini venom mouth,10,mouth
mangekyo sharingan right bleed,10,eyes
guns,10,overlay;background_plus
spiky shades,10,eyes
big joint,9,mouth
piss stained goblin shirt,9,cloth
deflated,9,eyes
dratini,9,background;left_hand
demonbat,9,mouth
pregnant milady,9,background_plus
rainbow,9,mouth
marker pixel orange,9,body
sans,9,background_plus
jokermad,9,eyes
zerpy,9,eyes
gray sketch,9,body
go go ackman,9,mouth
red painting,9,body;left_hand
ghastly,9,mouth
wake up we gotta turn the power on,8,overlay
lean beef patty,8,cloth
blazed,8,eyes
evil prof oak shirt,8,cloth
pepe yell,8,mouth
ghaslty,8,eyes
blue wolf,8,right_hand
backwards pill cyber jac,8,cloth
ghost,8,body;mouth
cat open,8,mouth
warzone,8,body
junko wojak,8,mouth
tank girl smoking,8,mouth
life would be much easier,8,overlay
biting lip,8,mouth
shiny grill,8,mouth
spiral,8,eyes
girls heart my swag,8,cloth;overlay
mad,8,mouth;eyes
plush denim,8,body
duck camo,8,cloth
winter jacket,8,cloth
tie dye smiley,8,cloth
grimer,8,mouth
polar bear,8,background
miller batman eyes,8,eyes
venom,8,eyes
dragon pet,8,left_hand
wow zip hoodie,7,cloth
trad wojak,7,cloth
gengar,7,background;eyes
yugi and joey shirt,7,cloth
kill all solana nfts,7,right_hand
sketch,7,eyes
groudon plush,7,right_hand
red pray shirt,7,cloth
batman clench,7,mouth
vingette shadow,7,overlay
anime blush,7,eyes
chris chan rugby longsleeve,7,cloth
fawn bat,7,right_hand
black blue yarn,7,body
pixelady star,7,eyes
abstract pastel sketch,7,body
vivienne westwood gem jacket,7,cloth
pot of greed,7,left_hand
heart eyes,7,eyes
tongue,7,mouth
convenience store,7,background
evil tomato,7,mouth
ye fit,7,background_plus
blood drip,7,overlay
demon pit,7,mouth
gengar smile,7,mouth
geek,7,eyes
idiot,7,cloth
yugioh gx hoodie,7,cloth
blood pint,7,body
eraserhead baby,7,left_hand
fang,7,mouth
me and her joint,7,mouth
kill you red puffer,7,cloth
baby gray blood sketch,7,body
work fit,7,cloth
dragonite,7,background;head
hoodie arms up,7,cloth
silver bubble jacket,7,cloth
my call of duty,7,head
thrashed pink hoodie,7,cloth
community rpg shoutsout community,7,right_hand
purple gem,7,body
buying a t shirt,7,cloth
honor thy father bloody shirt,7,cloth
millenium master,6,left_hand
selfie,6,right_hand
cubone,6,mouth
monkey bomb,6,left_hand
shotgun reload,6,right_hand
side smile,6,mouth
shadow fella,6,body
chad,6,mouth
be different hoodie,6,cloth
archmage,6,right_hand
lecture,6,background
mint sketch,6,body
newsprint spike,6,mouth
samurai sword nose,6,head
demon dog,6,right_hand
cat,6,overlay
chipmunk,6,mouth
packapunch raygun,6,right_hand
demon grin,6,mouth
shinji puffer,6,cloth
elixir wall,6,background
abstract graphite sketch,6,body
i heart bladee,6,cloth
green cloak,6,cloth
deaths head moth,6,mouth
inked shirt,6,cloth
clown nose,6,nose
stalker hand,6,right_hand
shoulder pads,6,cloth
silent hill 2 zip,6,cloth
jesus,6,left_hand
superman,6,cloth
this doesnt bode well,6,overlay
nails,6,overlay
suit,6,cloth
ak,6,left_hand
goku,6,cloth
milk,6,overlay
someone with autism stole my wallet heart,6,right_hand
matrix phone,6,right_hand
hard surface,6,body
general with gun,6,cloth
joker mouth,6,mouth
game shark,6,left_hand
triple box logo,6,cloth
toon blue eyes white dragon,6,left_hand
toon world,6,background_plus
drifella angel hat,6,head
alien hat,6,head
pink white sketch,6,body
death stranding,6,cloth
raf simmons virginia creeper,6,cloth
raeoww paw,6,right_hand
mint plush,6,body
white house mcdonalds order,6,background
orange cream plush,6,body
white bomber,6,cloth
bacon,6,mouth
gameboy,6,background_plus
planting bomb,6,background_plus
bape mape zip up,6,cloth
red pinnk white sketch,6,body
cdg camo heart tee,6,cloth
micro fishing,6,right_hand
shiny and chrome,6,mouth
garbage,6,overlay
mw2 pray shirt,6,cloth
gold grill,6,mouth
dratini high,6,eyes
pokeball,6,background_plus
dithered armor,6,cloth
eat,6,mouth
shiny punk espeon,6,left_hand
lightning bolts,6,background_plus
lego joker,6,mouth
golden spiky demon grill,6,mouth
orbs,6,body
dithered,6,body
swagtoshi nakamoto,6,cloth
barbarian,5,background_plus
brick,5,body
cuckfella fbi hat,5,head
sniper hut,5,background
manga missing tooth,5,mouth
red tears$19PNG,5,eyes
daddys lil monster,5,cloth
ye hood,5,head
blue scythe,5,right_hand
dont care shirt,5,cloth
wet water,5,body
how to catch a milk thief,5,overlay
tiger,5,mouth
straight jacket,5,cloth
strawberry,5,body
radium,5,left_hand
drifella birth,5,right_hand
mimany cig,5,mouth
poofy white tee,5,cloth
gumball machine,5,left_hand
creepypasta,5,mouth
medic,5,cloth
orko hat,5,head
catacombs,5,background
pink leather latex,5,body
rodman jersey,5,cloth
cockpit,5,background
hxh wolf,5,right_hand
diamond,5,body
blood,5,background_plus
red cloud jacket,5,cloth
braces,5,mouth
light aura sketch,5,body
yo brother,5,overlay
skull,5,mouth
after hood,5,cloth
drifellas,5,left_hand
swag coin fistbump,5,left_hand
legendary collection dratini,5,background
marker pixel bastard 2,5,body
bloody smile,5,mouth
snake,5,right_hand
contraption,5,overlay
white gloves with gun,5,right_hand
american flag,5,background
free,5,overlay
vetements kanye hoodie,5,cloth
pixel post demon,5,body
grit,5,mouth
she want me cuz im normal,5,overlay
greed,5,mouth
spiked ear hat,5,head
sweeper manga,5,mouth
real bandage,5,nose
sketch pixel bastard,5,body
my girant isopod phone case,5,left_hand
airbrush hat,5,head
TAKE ALL YOUR MONEY OUT OF THE BANK,5,background
mouth with cig yo,5,mouth
dirt hand cookie,5,right_hand
tennis court,5,background
college dropout,5,cloth
smoky,5,mouth
money spread,5,left_hand
slimes,5,background_plus
lynch doodle,5,background_plus
suicune,5,background
spiked,5,cloth
maroon smile sketch,5,body
barf,5,mouth
thrashed dirty,5,body
aura ear muffs,5,head
black ops,5,background
margiela jewel mask,5,head
asspizza gobln shirt,5,cloth
feeding roach,5,right_hand
light glow sketch,5,body
praying to your flight god,5,background
wrapped dratini sketch,5,body
drool,5,mouth
trash,5,overlay
glpw orb sketch,5,body
duel disk,5,right_hand
cow hide,5,body
lotr cave,5,background
clear skelly,5,cloth
AAAAAAAAAAAAAAA,5,overlay
toon spiky,5,mouth
youre in her dms im letting greed corrupt me,5,overlay
warlax backpack,5,accessory
cyborg,5,cloth
snowy hoodie,5,cloth
motherboard blade,5,left_hand
imagine fentanyl here,5,overlay
pussy eater,5,overlay
guillotine,5,right_hand
vegeta,5,body
sans tongue,5,mouth
garchomp pin,5,left_hand
i feel like dying hat,5,head
goofy,5,mouth
joker troll,5,mouth
bullet holes,5,overlay
spiky yung lean bladee,5,background
threesum,5,right_hand
red arrows,5,overlay
blue pokemon swag,5,background
cross with jacket,5,cloth
gockette,5,right_hand
bacon sketch,4,background
clear raincoat,4,cloth
dark magician aura sword,4,left_hand
comic shroud,4,overlay
the charlie brown,4,mouth
harley quinn,4,head
basquiat,4,background
blue aura sketch,4,body
uchiha chip,4,background_plus
just tired,4,overlay
smokes,4,left_hand
rothko maker,4,left_hand
green sketch,4,body
hiroshima,4,background
red leather hat,4,head
joker card,4,right_hand
rainbow runescape selling,4,overlay
bisexual plush,4,body
carnage,4,mouth
wojak black girl,4,left_hand
outmoded sword,4,right_hand
tojiba ring horror,4,background
basquiat head,4,background_plus
cassidy,4,body
batman cowl,4,head
lilac portal,4,body
ethan backwards cap,4,head
i wake up i engage in tomfoolery,4,overlay
packapunch,4,background
nwo shirt,4,cloth
plaguespreader zombie,4,background
my lean,4,right_hand
nettspend hand,4,right_hand
z electric chair,4,background_plus
FUEL,4,right_hand
i am rooting for you,4,background
chronos,4,background_plus
gaara w teddy,4,cloth
ghastly smile,4,mouth
zip transparent leather,4,body
touching grass isnt enough,4,overlay
tiger paws,4,left_hand
grenade,4,left_hand
tweety birds,4,overlay
cherry blossom,4,body
playing game,4,right_hand
plush blue,4,body
vax,4,right_hand
paint,4,body
underverse tattered shirt,4,cloth
lil uzi gem,4,head
meyomme dratini drawing,4,left_hand
red afterhood,4,cloth
lava,4,background;body
shoot up the party,4,overlay
dragon sketch,4,body
mighty ducks,4,head
fang reaper meme,4,background
milk pour,4,right_hand
joker jared leto,4,mouth
guinea pig,4,right_hand
stitched blood sketch,4,body
rothko 2,4,background
his ass is not a software engineer,4,overlay
room,4,background
door bolts,4,overlay
im gay tee,4,cloth
blown up car,4,background
rickies,4,body
sony hat princess diana,4,head
yori sport,4,body
yugioh back,4,background
in case of fire,4,right_hand
BORED APE NAZI CLUB,4,overlay
silver nuke,4,right_hand
thief fit,4,cloth
mimikyu sketch,4,body
frazetta reaper,4,left_hand
blue horsey sketch,4,body
red clouds,4,background
soda pops,4,right_hand
strangled red,4,overlay
sketch4,4,body
aura m hat,4,head
akira black and gray,4,cloth
joker smile,4,mouth
chess,4,background_plus
young thug gem,4,body
money store mask,4,head
drifella kill scene,4,background
dratini hat,4,head
murakami,4,mouth
harley quinn bat,4,right_hand
burglar,4,head
lean and ecco,4,background
psychic energy,4,left_hand
stars,4,overlay;background_plus
blood splatter,4,overlay
shadow cell,4,background
wide smile,4,mouth
scardey cat,4,left_hand
sink baby,4,background
wojak drifella,4,body
bisexual sketch,4,body
gan hat,4,head
bedroom,4,background
toji class,4,background
dr slumphat,4,head
ghost angry,4,eyes
snowman pikachu line,4,left_hand
gothic top hat,4,head
based retard gang,4,overlay
pink cream,4,body
maroon jersey,4,cloth
psychadelic,4,body
person who keeps gambling,4,overlay
balloons,4,background
trader retard,4,cloth
btc laser eyes,4,overlay
hisoka,4,tattoos
zooka aura,4,right_hand
teddy,4,left_hand
burning monk,4,background
party hat,4,head
skeleton hoodie,4,cloth
cyan,4,body
sonichu medallion,4,accessory
molotov,4,left_hand
ren and stimpy bg2,4,background
divine ratio,4,overlay
6 shooter,4,left_hand
trench coat,4,cloth
pokeball necklace,4,accessory
thrashed white tee,4,cloth
something about us moon,4,background
bandage wrapped head,4,head
left anime gun,4,left_hand
shinji on bus,4,background
spiky drifella,4,right_hand
mossy,4,body
crunch bar,4,left_hand
abstract baby drif,4,body
ghostface,4,head
kill,4,overlay
black ops 2 speech bubble,4,overlay
leather general coat,4,cloth
jean jacket,4,cloth
shino skeleton,4,body
gray hoodie,4,cloth
missing no and jellyfish uap,4,left_hand
bullet bill spike teeth,4,mouth
mace,4,right_hand
rothko 4,4,background
monster reborn,4,right_hand
destroyed gameboy,4,right_hand
meat heart,4,right_hand
nun,4,cloth
heath ledger joker,4,body
blast,4,background_plus
dmg,3,body
donda shades,3,head
fortnite nerf gun,3,right_hand
thank you lord for this here perc 30,3,overlay
void,3,background
dratini anime,3,body
gas station,3,background
milk jug,3,right_hand
digital camo plush,3,body
lego nazi zombies,3,right_hand
cigs,3,mouth
anime eye rock,3,left_hand
apocalyptic,3,body
jacobs ladder,3,background
grenade store,3,background
pixel dither tan,3,body
100 emoji hat,3,head
ice kitchen,3,background
aura crown of thorns,3,head
nuke,3,background_plus
tongue out,3,mouth
killua,3,head
femcel,3,overlay
plush torn jester,3,body
cow print,3,body
rpg,3,left_hand
painterly,3,background
chicken wing,3,right_hand
chaotic,3,background
edward and bella playing chess,3,overlay
church graveyards,3,background
sketched room,3,background
pearl sketch,3,body
fired from mcdonalds,3,overlay
red paint,3,cloth
asspizza bedroom,3,background
bladee reaper,3,background_plus
field recording,3,left_hand
Are you real,3,overlay
de kooning,3,background
candy bape hoodie,3,cloth
wizard m hat,3,head
psp,3,left_hand
health bar,3,overlay
the life of drifella,3,overlay
HELL,3,overlay
death note manha cover,3,background
remember who you are fighting for,3,background
super saiyan,3,head
jesus vhs 911 edition,3,left_hand
venom mask,3,head
nabler purse,3,left_hand
ashley wood sketch,3,background
dark magician spiky headphones,3,head
question marks,3,overlay
ditto sweets,3,background
shadow wizard goblin,3,background
polizei,3,head
tek vest hoodie,3,cloth
purple worm sketch,3,body
smile,3,mouth
metal skelly,3,cloth
cat hashbrown,3,right_hand
lets ride,3,background
bunny delivery,3,right_hand
monster,3,background
abstract light sketch,3,body
bloody margielas,3,body
plush jester,3,body
cloth carnage,3,body
zombie,3,mouth
wolf knight helmet,3,head
moth,3,overlay
ornate jacket,3,cloth
grab,3,left_hand
pixel cry,3,eyes
kit,3,left_hand
chair,3,left_hand
rick crocs,3,left_hand
perfect blue bathroom,3,background
abstract night cat sketch,3,body
sword item,3,left_hand
revive me nurse,3,background
black,3,background
devil world raf simmons,3,cloth
worm,3,left_hand
pissed cartman no respect,3,mouth
slipmon,3,overlay
death sacred heart,3,left_hand
born to drain mud is a fuck,3,overlay
the silence of the lambs,3,background
smudge pencil sketch,3,body
chaos zombie,3,background
drak aura sketch,3,body
plush rotting,3,body
leather demon bat hat,3,head
ice cream cone,3,left_hand
glove,3,head
trunks,3,background
rip avant nft wave,3,left_hand
days never finished,3,overlay
bacon ghost,3,background
lofi distroyed sketch,3,body
sonichu on crucifx,3,right_hand
milady happy,3,mouth
red glow,3,body
zombie zip up,3,cloth
bacon fist fight,3,background
spiky apple,3,left_hand
gaming cards pack,3,background
btc fear greed index,3,left_hand
be ready to fight the horde,3,overlay
plush pink,3,body
money hat,3,head
tech armor,3,cloth
nes gun,3,right_hand
cloth horn hat,3,head
dragonair,3,right_hand
pink blok sketch,3,body
mewtwo in red circle,3,overlay
shoot myself,3,right_hand
baby yoshis,3,overlay
taz grill,3,mouth
dark brotherhood,3,background
latex skelly,3,cloth
robot dog,3,right_hand
Stańczyk painting,3,background
black gem,3,body
fire sale,3,left_hand
louie vuitton,3,body
100 emoji,3,overlay
knights sketch,3,background
blue eyes toon painting,3,background
shadow mage,3,head
no love deep web,3,background
woods,3,body
obsidian blade,3,left_hand
wizard software,3,overlay
tommy,3,right_hand
monestary dj set,3,background
mtg orb,3,background
wrightson,3,background
rocks,3,background
cloth blood,3,body
attic,3,background
swap,3,background_plus
you died,3,overlay
box,3,background
bombed building,3,background
drifella chart painting,3,background
red gradient sketch,3,body
edge,3,background_plus
milady smirk,3,mouth
flesh star,3,overlay
drifella armor,3,body
spiked balls,3,left_hand
jock joker,3,mouth
yall dont fuck with music like i do,3,overlay
csgo stitch,3,background
towel,3,cloth
handshake,3,background
teeth,3,mouth
lock and key,3,overlay
earl chart painting in my living room,3,background
ny cap,3,head
biscuit,3,left_hand
conciousness energy grid,3,overlay
blue skull,3,background
over 9000,3,overlay
axe,3,right_hand
dark stars,3,overlay
nightime,3,background
knit cat ear balaclava,3,head
tour guide,3,overlay
muzzle,3,head
s drip,3,overlay
parasite,3,background
mifella at compoter,3,left_hand
silly,3,mouth
hood,3,head
toji 100,3,background_plus
apocolyptic hazmat head,3,head
condo abstract,3,background
faygo elfbar,3,left_hand
mew wink,3,eyes
sketch bastard,3,body
stretched skin painting,3,background
rings of fire,3,background_plus
girls love a man in armor,3,background
yoohoo,3,left_hand
you want muffin,3,left_hand
pink sketch,3,body
frazetta death dealers,3,background_plus
boxing gloves,3,left_hand
plush red,3,body
pencil sketch dragon,3,body
bianca,3,right_hand
youre a fag and your shits all retarded,3,overlay
doomer beanie,3,head
lego zooka,3,right_hand
marker pixel pink yellow,3,body
submachine gun right,3,right_hand
got a light,3,left_hand
snowy graveyard,2,background
sketch5,2,body
mc ride playing club penguin,2,background
chrome dice,2,left_hand
negative saturn scuffed,2,body
conker smile,2,mouth
chained deck,2,left_hand
superman tags,2,left_hand
dirt,2,body
you cant beat a man that battles with himself every day,2,overlay
mimics,2,background_plus
panda hood,2,head
solana,2,overlay
tablet,2,background
msg,2,background
the fool rock negative,2,left_hand
dont give me orders,2,right_hand
yuh,2,overlay
umbreon,2,background_plus
needle sketch,2,body
shoot,2,left_hand
skelly,2,background_plus
sketch2,2,body
metal fabrics,2,background
pixel gray,2,body
pain,2,right_hand
plush jester pastel,2,body
scout power reader,2,head
ballistic hockey mask,2,head
stone,2,body
black yarn,2,body
ibuprofen,2,overlay
red gray stitched,2,body
glitter holo,2,overlay
diamond skull,2,head
jpeg in front of tarp,2,background
swag weed girl,2,background
cyber cygil overlay,2,overlay
pewdiepie,2,background
spiky mace aura,2,right_hand
mining rig,2,background
tunnel,2,background
sacred heart,2,right_hand
heaven,2,background
IMG_1428,2,background_plus
it takes a little treat to tame a beast,2,overlay
I SPEND MONEY LIKE ITS COD ZOMBIES,2,background
radiated hands,2,right_hand
cool umbreon,2,left_hand
shy guy,2,left_hand
spiky toji painting,2,background
pixel camo sketch,2,body
ceramic chambered mifella heart,2,left_hand
moonlight,2,background
pencil zombie sketch,2,body
i have two sides,2,overlay
meyomme ghostface,2,body
eyes wide shut,2,overlay
mean pills,2,left_hand
heart hands,2,right_hand
overgrown car,2,background
barbed wire heart,2,overlay
sketch3 rosy cheeks,2,body
bacon ghost 2,2,background
hallway,2,background
marker pixel bastard,2,body
graverobbers,2,background
shot,2,left_hand
birthday cake,2,left_hand
stitched,2,body
officer peaked another soviet comrade,2,head
phantom troupe,2,tattoos
yugioh match,2,background
anime with blood,2,mouth
tranq,2,background
cannot use this item offline,2,overlay
regigigas,2,background_plus
card pulls,2,background
anime mist,2,background
ss drip,2,overlay
ye net and yahoo,2,background
bladerunner,2,background
castle,2,background
bacon priest,2,background
blade phone,2,right_hand
bat turtle painting,2,background
my clash base,2,right_hand
bats,2,right_hand
chain,2,background_plus
cards,2,right_hand
carnage sketch,2,body
castle w moat,2,background
alien,2,left_hand
doves,2,background_plus
shadow wizard in hotel,2,background
bastard gan,2,body
rolling into the function,2,overlay
mifella aura,2,body
fucking spiky headphones,2,head
young thug plush,2,body
sketch orange cream,2,body
think fast,2,overlay
brain transplant,2,overlay
circumcision scar,2,overlay
bane,2,head
69%off,2,overlay
frazetta self portrait,2,background
prada,2,mouth
worm sticker,2,background_plus
chugging cola,2,left_hand
my wife,2,right_hand
frazetta moonlight,2,background
matrix coded,2,background
skull dice,2,background_plus
griffith helmet,2,head
overgrowth,2,background
skull cat,2,body
peace,2,left_hand
camo gengar plush,2,left_hand
bacon figures,2,background
lavender town,2,background
depr hyper real,2,body
camo plush,2,body
black leather latex,2,body
fire,2,overlay
ye and bianca,2,background
life is pain,2,overlay
rothko 3,2,background
benny boys place,2,background
sketch1,2,body
2 emojis,2,overlay
anime heart,2,body
drifella film screenshot,2,background
owned,2,overlay
skull of mary magdeline shrine,2,background
reaper scythe,2,right_hand
meshed cloth,2,body
hieronymus,2,background
spacship,2,background
bullets,2,background_plus
painterly (2),2,background_plus
derp realistic,2,body
jason mask,2,head
p90,2,left_hand
dratini health,2,overlay
keyboard grenade,2,left_hand
me gay chair v5,2,background
mini party hat,2,head
memento photo,2,right_hand
its over were back,2,overlay
gengar and haunter,2,left_hand
despair,2,background
rainbow party hat,2,head
head,2,left_hand
yellow,2,body
puca hat,2,head
joker face,2,head
war drawing,2,background
the code,2,overlay
black ops on my tv,2,background
dragonite evolve,2,head
i like getting my boot hole licked by nft monkeys,2,overlay
tranquility,2,overlay
twilight,2,background
jeff jones,2,background
bunny,2,head
e boy hair,2,head
chroma,2,overlay
final fantasy iv,2,overlay
laser tag,2,background
who needs brain cells when you have swag,2,overlay
wow map pack,2,background
blu mtn dew,2,right_hand
drifella 2 #7677,1,token_name
drifella 2 #194,1,token_name
drifella 2 #2372,1,token_name
drifella 2 #2430,1,token_name
drifella 2 #117,1,token_name
you've been liquidated,1,overlay
drifella 2 #9261,1,token_name
submachine gun left,1,left_hand
drifella 2 #7683,1,token_name
digimon hud,1,overlay
drifella 2 #7135,1,token_name
rhino dick pill,1,overlay
drifella 2 #3896,1,token_name
knight in museum,1,background
lollipop,1,body
base cacoon maturity,1,overlay
drifella 2 #6503,1,token_name
green mist painting,1,background
drifella 2 #9111,1,token_name
drifella 2 #5097,1,token_name
drifella 2 #2708,1,token_name
drifella 2 #2409,1,token_name
frazetta,1,background
drifella 2 #5324,1,token_name
drifella 2 #1728,1,token_name
drifella 2 #4993,1,token_name
drifella 2 #3044,1,token_name
drifella 2 #6717,1,token_name
drifella 2 #5966,1,token_name
drifella 2 #4977,1,token_name
ghost and anime girl,1,background
drifella 2 #6186,1,token_name
drifella 2 #5856,1,token_name
drifella 2 #8007,1,token_name
drifella 2 #8537,1,token_name
drifella 2 #9502,1,token_name
black furry,1,body
drifella 2 #4684,1,token_name
drifella 2 #7980,1,token_name
drifella 2 #5729,1,token_name
drifella 2 #4489,1,token_name
drifella 2 #2060,1,token_name
drifella 2 #9240,1,token_name
drifella 2 #4700,1,token_name
drifella 2 #3318,1,token_name
lynch photo,1,background
drifella 2 #622,1,token_name
drifella 2 #5390,1,token_name
drifella 2 #5761,1,token_name
drifella 2 #2303,1,token_name
explosion sprite sheet,1,overlay
drifella 2 #1239,1,token_name
drifella 2 #9176,1,token_name
drifella 2 #8719,1,token_name
drifella 2 #8892,1,token_name
drifella 2 #8421,1,token_name
shield potion,1,left_hand
drifella 2 #3155,1,token_name
drifella 2 #8117,1,token_name
drifella 2 #8961,1,token_name
drifella 2 #1019,1,token_name
chrome hearts mousetrap,1,left_hand
drifella 2 #7783,1,token_name
evanesence,1,background
drifella 2 #9715,1,token_name
smashed tv,1,background
drifella 2 #8308,1,token_name
drifella 2 #4905,1,token_name
drifella 2 #1865,1,token_name
drifella 2 #775,1,token_name
weed,1,body
drifella 2 #3464,1,token_name
drifella 2 #7664,1,token_name
drifella 2 #632,1,token_name
drifella 2 #8198,1,token_name
drifella 2 #1599,1,token_name
drifella 2 #8068,1,token_name
drifella 2 #1443,1,token_name
drifella 2 #8921,1,token_name
drifella 2 #4093,1,token_name
drifella 2 #2888,1,token_name
noble,1,head
drifella 2 #8490,1,token_name
drifella 2 #7401,1,token_name
drifella 2 #9789,1,token_name
prestige,1,left_hand
drifella 2 #1253,1,token_name
drifella 2 #2774,1,token_name
drifella 2 #4032,1,token_name
drifella 2 #5832,1,token_name
drifella 2 #8450,1,token_name
injection fairy lily,1,background
drifella 2 #3166,1,token_name
frazetta with gun,1,background
drifella 2 #649,1,token_name
bringing freedom and democracy to an oil rich country near you,1,overlay
drifella 2 #8455,1,token_name
drifella 2 #8682,1,token_name
drifella 2 #3779,1,token_name
drifella 2 #824,1,token_name
drifella 2 #9483,1,token_name
spngebob snapback,1,head
drifella 2 #6290,1,token_name
shinigami,1,background
drifella 2 #3951,1,token_name
drifella 2 #427,1,token_name
drifella 2 #9906,1,token_name
drifella 2 #4039,1,token_name
ink in sink,1,background
drifella 2 #33,1,token_name
radioactive mug,1,left_hand
drifella 2 #326,1,token_name
drifella 2 #6960,1,token_name
drifella 2 #1255,1,token_name
drifella 2 #6684,1,token_name
drifella 2 #5547,1,token_name
drifella 2 #8353,1,token_name
skull baby drifella,1,right_hand
drifella 2 #1161,1,token_name
drifella 2 #1145,1,token_name
drifella 2 #2577,1,token_name
drifella 2 #7068,1,token_name
drifella 2 #5774,1,token_name
drifella 2 #9693,1,token_name
drifella 2 #2473,1,token_name
drifella 2 #5866,1,token_name
book,1,background
drifella 2 #8309,1,token_name
drifella 2 #2410,1,token_name
drifella 2 #8855,1,token_name
drifella 2 #5919,1,token_name
drifella 2 #9390,1,token_name
drifella 2 #5545,1,token_name
drifella 2 #7041,1,token_name
drifella 2 #1795,1,token_name
drifella 2 #8111,1,token_name
drifella 2 #7989,1,token_name
drifella 2 #7319,1,token_name
drifella 2 #4531,1,token_name
drifella 2 #4530,1,token_name
drifella 2 #4821,1,token_name
drifella 2 #359,1,token_name
drifella 2 #2733,1,token_name
drifella 2 #6892,1,token_name
drifella 2 #6464,1,token_name
drifella 2 #2546,1,token_name
drifella 2 #4036,1,token_name
drifella 2 #5524,1,token_name
drifella 2 #9138,1,token_name
drifella 2 #1271,1,token_name
drifella 2 #7279,1,token_name
drifella 2 #6565,1,token_name
drifella 2 #8588,1,token_name
nettspend smoke,1,left_hand
drifella 2 #1833,1,token_name
drifella 2 #7965,1,token_name
drifella 2 #2276,1,token_name
black dead hands,1,left_hand
2,1,overlay
drifella 2 #6546,1,token_name
drifella drawing,1,background
drifella 2 #4856,1,token_name
drifella 2 #8411,1,token_name
drifella 2 #9321,1,token_name
barbed wire bat,1,left_hand
drifella 2 #2163,1,token_name
spinner hat,1,head
drifella 2 #5401,1,token_name
jimmys,1,overlay
drifella 2 #8292,1,token_name
cross,1,left_hand
drifella 2 #9031,1,token_name
drifella 2 #5863,1,token_name
drifella 2 #3502,1,token_name
drifella 2 #2606,1,token_name
drifella 2 #2896,1,token_name
drifella 2 #7184,1,token_name
drifella 2 #4104,1,token_name
the grid,1,background
drifella 2 #4319,1,token_name
drifella 2 #7919,1,token_name
drifella 2 #2160,1,token_name
drifella 2 #1590,1,token_name
drifella 2 #5890,1,token_name
michael and jason mask,1,head
drifella 2 #2357,1,token_name
drifella 2 #4418,1,token_name
drifella 2 #8872,1,token_name
drifella 2 #8649,1,token_name
drifella 2 #1625,1,token_name
drifella 2 #8243,1,token_name
drifella 2 #1595,1,token_name
minecraft dungeon,1,background
drifella 2 #1241,1,token_name
condo sketch,1,background
drifella 2 #3324,1,token_name
drifella 2 #6403,1,token_name
paint m hat,1,head
drifella 2 #1891,1,token_name
drifella 2 #5706,1,token_name
thick goth lola bunny,1,right_hand
drifella 2 #7841,1,token_name
drifella 2 #7781,1,token_name
drifella 2 #4501,1,token_name
drifella 2 #8333,1,token_name
drifella 2 #2452,1,token_name
drifella 2 #4393,1,token_name
drifella 2 #6649,1,token_name
drifella 2 #1015,1,token_name
drifella 2 #5296,1,token_name
drifella 2 #7228,1,token_name
drifella 2 #2580,1,token_name
drifella 2 #3604,1,token_name
drifella 2 #5748,1,token_name
alien set,1,background
drifella 2 #5216,1,token_name
drifella 2 #8981,1,token_name
drifella 2 #9202,1,token_name
drifella 2 #4330,1,token_name
twilight manga,1,background
drifella 2 #8,1,token_name
drifella 2 #9768,1,token_name
drifella 2 #8343,1,token_name
drifella 2 #9567,1,token_name
assault rifle,1,right_hand
drifella 2 #7704,1,token_name
drifella 2 #9902,1,token_name
drifella 2 #3127,1,token_name
drifella 2 #6627,1,token_name
drifella 2 #6085,1,token_name
drifella 2 #9772,1,token_name
drifella 2 #6378,1,token_name
rothko 1,1,background
drifella 2 #958,1,token_name
condo,1,background
kidnapped,1,left_hand
drifella 2 #4207,1,token_name
power ranger huddle,1,background
drifella 2 #6762,1,token_name
drifella 2 #9032,1,token_name
drifella 2 #7750,1,token_name
drifella 2 #3916,1,token_name
drifella 2 #6625,1,token_name
drifella 2 #2576,1,token_name
drifella 2 #7399,1,token_name
drifella 2 #3152,1,token_name
drifella 2 #2805,1,token_name
drifella 2 #7010,1,token_name
drifella 2 #9878,1,token_name
drifella 2 #5144,1,token_name
drifella 2 #792,1,token_name
young thug sketch,1,body
drifella 2 #1682,1,token_name
drifella 2 #6274,1,token_name
drifella 2 #3795,1,token_name
drifella 2 #5623,1,token_name
drifella 2 #255,1,token_name
drifella 2 #5183,1,token_name
drifella 2 #4743,1,token_name
drifella 2 #9035,1,token_name
drifella 2 #7329,1,token_name
frank mask,1,head
drifella 2 #1851,1,token_name
drifella 2 #5742,1,token_name
drifella 2 #5929,1,token_name
drifella 2 #1045,1,token_name
drifella 2 #4774,1,token_name
drifella 2 #8541,1,token_name
drifella 2 #3382,1,token_name
drifella 2 #1312,1,token_name
drifella 2 #6909,1,token_name
drifella 2 #2391,1,token_name
drifella 2 #1629,1,token_name
drifella 2 #1944,1,token_name
homelander,1,body
drifella 2 #8834,1,token_name
drifella 2 #3725,1,token_name
multiple pistols,1,left_hand
drifella 2 #5802,1,token_name
drifella 2 #8284,1,token_name
drifella 2 #9620,1,token_name
drifella 2 #2747,1,token_name
drifella 2 #9984,1,token_name
bloody room,1,background
drifella 2 #4365,1,token_name
drifella 2 #4130,1,token_name
drifella 2 #3881,1,token_name
drifella 2 #9019,1,token_name
drifella 2 #5383,1,token_name
drifella 2 #3875,1,token_name
deaths sword,1,left_hand
drifella 2 #3219,1,token_name
drifella 2 #5778,1,token_name
drifella 2 #3934,1,token_name
drifella 2 #691,1,token_name
drifella 2 #9939,1,token_name
drifella 2 #495,1,token_name
drifella 2 #8446,1,token_name
antlers,1,head
drifella 2 #4352,1,token_name
drifella 2 #1531,1,token_name
drifella 2 #8919,1,token_name
drifella 2 #1621,1,token_name
drifella 2 #7552,1,token_name
drifella 2 #4895,1,token_name
polymerization,1,background
garbagemon,1,right_hand
drifella 2 #3772,1,token_name
drifella 2 #5763,1,token_name
drifella 2 #6784,1,token_name
kid buu hand,1,right_hand
drifella 2 #4848,1,token_name
drifella 2 #3228,1,token_name
drifella 2 #2967,1,token_name
drifella 2 #1039,1,token_name
drifella 2 #9348,1,token_name
drifella 2 #213,1,token_name
drifella 2 #611,1,token_name
drifella 2 #1664,1,token_name
drifella 2 #5680,1,token_name
gekked up,1,overlay
drifella 2 #2634,1,token_name
drifella 2 #5404,1,token_name
drifella 2 #6511,1,token_name
drifella 2 #7563,1,token_name
drifella 2 #4118,1,token_name
shoplifter,1,cloth
drifella 2 #1126,1,token_name
drifella 2 #9912,1,token_name
moebius,1,background
drifella 2 #7199,1,token_name
white dithered stars,1,overlay
drifella 2 #2162,1,token_name
drifella 2 #2195,1,token_name
drifella 2 #8831,1,token_name
drifella 2 #8639,1,token_name
drifella 2 #4349,1,token_name
drifella 2 #6712,1,token_name
drifella 2 #249,1,token_name
drifella 2 #7462,1,token_name
drifella 2 #4670,1,token_name
drifella 2 #7947,1,token_name
drifella 2 #7133,1,token_name
meth,1,background_plus
drifella 2 #6996,1,token_name
spiderman sketch,1,body
drifella 2 #6582,1,token_name
drifella 2 #1453,1,token_name
drifella 2 #3301,1,token_name
drifella 2 #4824,1,token_name
drifella 2 #9315,1,token_name
drifella 2 #8603,1,token_name
drifella 2 #1754,1,token_name
drifella 2 #9175,1,token_name
1930s bw cartoon,1,background
drifella 2 #8062,1,token_name
drifella 2 #5851,1,token_name
roster sprites,1,overlay
drifella 2 #728,1,token_name
drifella 2 #7071,1,token_name
drifella 2 #3548,1,token_name
drifella 2 #6099,1,token_name
drifella 2 #7410,1,token_name
drifella 2 #8524,1,token_name
drifella 2 #8500,1,token_name
mew,1,overlay
drifella 2 #1718,1,token_name
hieronymus bosch meme,1,background
drifella 2 #7539,1,token_name
drifella 2 #674,1,token_name
drifella 2 #9544,1,token_name
drifella 2 #4379,1,token_name
drifella 2 #6263,1,token_name
drifella 2 #6849,1,token_name
drifella 2 #8980,1,token_name
drifella 2 #8441,1,token_name
halo 3,1,right_hand
drifella 2 #8354,1,token_name
shadow wizard hands,1,left_hand
drifella 2 #1367,1,token_name
drifella 2 #3800,1,token_name
drifella 2 #1291,1,token_name
drifella 2 #976,1,token_name
drifella 2 #4647,1,token_name
drifella 2 #7922,1,token_name
drifella 2 #5118,1,token_name
drifella 2 #7111,1,token_name
drifella 2 #1676,1,token_name
drifella 2 #1049,1,token_name
drifella 2 #9598,1,token_name
drifella 2 #4172,1,token_name
drifella 2 #7580,1,token_name
drifella 2 #616,1,token_name
drifella 2 #5343,1,token_name
drifella 2 #5747,1,token_name
lifting,1,right_hand
drifella 2 #2095,1,token_name
drifella 2 #9104,1,token_name
i can sleep anywhere,1,overlay
drifella 2 #5012,1,token_name
drifella 2 #5892,1,token_name
drifella 2 #9681,1,token_name
drifella 2 #2669,1,token_name
drifella 2 #30,1,token_name
drifella 2 #767,1,token_name
drifella 2 #687,1,token_name
charizard,1,background
drifella 2 #494,1,token_name
shocked dude,1,background_plus
drifella 2 #9444,1,token_name
drifella 2 #1868,1,token_name
drifella 2 #5352,1,token_name
drifella 2 #6078,1,token_name
drifella 2 #6783,1,token_name
drifella 2 #4485,1,token_name
drifella 2 #7362,1,token_name
drifella 2 #8416,1,token_name
drifella 2 #7963,1,token_name
drifella 2 #3811,1,token_name
drifella 2 #8023,1,token_name
drifella 2 #5308,1,token_name
drifella 2 #2322,1,token_name
finish him,1,overlay
drifella 2 #2913,1,token_name
drifella 2 #7020,1,token_name
slay flop,1,overlay
drifella 2 #8071,1,token_name
drifella 2 #395,1,token_name
drifella 2 #3601,1,token_name
normal,1,body
drifella 2 #4514,1,token_name
troll,1,mouth
drifella 2 #5451,1,token_name
drifella 2 #2466,1,token_name
drifella 2 #6234,1,token_name
drifella 2 #4383,1,token_name
drifella 2 #8460,1,token_name
drifella 2 #7297,1,token_name
drifella 2 #9437,1,token_name
drifella 2 #2157,1,token_name
drifella 2 #6455,1,token_name
drifella 2 #1129,1,token_name
drifella 2 #7252,1,token_name
drifella 2 #344,1,token_name
drifella 2 #3748,1,token_name
drifella 2 #6600,1,token_name
drifella 2 #3517,1,token_name
drifella 2 #6341,1,token_name
drifella 2 #5653,1,token_name
drifella 2 #4047,1,token_name
drifella 2 #8166,1,token_name
silent hill 2 crtv,1,background
drifella 2 #8497,1,token_name
solana cap,1,head
drifella 2 #3357,1,token_name
mcdonalds sketch,1,body
drifella 2 #4369,1,token_name
drifella 2 #1390,1,token_name
scully,1,background
drifella 2 #1138,1,token_name
drifella 2 #4871,1,token_name
drifella 2 #335,1,token_name
ghillie suit,1,cloth
drifella 2 #7977,1,token_name
moogle sprite sheet,1,overlay
drifella 2 #6151,1,token_name
drifella 2 #4138,1,token_name
frazetta thumbnail study,1,background
drifella 2 #1659,1,token_name
vlone stanley cup,1,left_hand
drifella 2 #8943,1,token_name
drifella 2 #2667,1,token_name
drifella 2 #8015,1,token_name
911hat,1,head
drifella 2 #9156,1,token_name
drifella 2 #2490,1,token_name
drifella 2 #5270,1,token_name
drifella 2 #9506,1,token_name
drifella 2 #6176,1,token_name
drifella 2 #6916,1,token_name
drifella 2 #6706,1,token_name
drifella 2 #275,1,token_name
drifella 2 #4523,1,token_name
drifella 2 #8474,1,token_name
airbrush,1,background
drifella 2 #908,1,token_name
drifella 2 #1479,1,token_name
drifella 2 #6812,1,token_name
drifella 2 #9191,1,token_name
drifella 2 #8367,1,token_name
drifella 2 #8234,1,token_name
drifella 2 #6553,1,token_name
drifella 2 #9676,1,token_name
drifella 2 #4950,1,token_name
blue sketch,1,body
drifella 2 #3986,1,token_name
im in love with my gf dont talk to me she has a nuclear bomb,1,overlay
drifella 2 #2375,1,token_name
sword,1,overlay
drifella 2 #2989,1,token_name
drifella 2 #5901,1,token_name
drifella 2 #3560,1,token_name
drifella 2 #499,1,token_name
drifella 2 #6765,1,token_name
goon cave,1,background
drifella 2 #7241,1,token_name
drifella 2 #9596,1,token_name
drifella 2 #9526,1,token_name
drifella 2 #836,1,token_name
drifella 2 #7483,1,token_name
ghost pencil sketch,1,body
drifella 2 #7634,1,token_name
no 2,1,overlay
drifella 2 #1382,1,token_name
drifella 2 #7546,1,token_name
drifella 2 #2187,1,token_name
drifella 2 #1090,1,token_name
drifella 2 #9096,1,token_name
bacon doorway,1,background
drifella 2 #8448,1,token_name
drifella 2 #3830,1,token_name
wow it is literally me meme,1,background
drifella 2 #2000,1,token_name
drifella 2 #2479,1,token_name
drifella 2 #5962,1,token_name
melting sketch,1,body
drifella 2 #3495,1,token_name
drifella 2 #9936,1,token_name
drifella 2 #9600,1,token_name
tech gas mask,1,head
drifella 2 #1821,1,token_name
drifella 2 #6018,1,token_name
drifella 2 #6761,1,token_name
drifella 2 #4106,1,token_name
drifella 2 #3278,1,token_name
earl chart painting,1,background
drifella 2 #3859,1,token_name
drifella 2 #6853,1,token_name
drifella 2 #8828,1,token_name
drifella 2 #9900,1,token_name
drifella 2 #3570,1,token_name
aborted drifella,1,left_hand
drifella 2 #361,1,token_name
shattered glass,1,overlay
drifella 2 #2338,1,token_name
drifella 2 #259,1,token_name
casino,1,background
drifella 2 #4828,1,token_name
drifella 2 #4563,1,token_name
drifella 2 #7333,1,token_name
drifella 2 #417,1,token_name
drifella 2 #9338,1,token_name
drifella 2 #1366,1,token_name
drifella 2 #7543,1,token_name
ghost sprites,1,overlay
drifella 2 #9667,1,token_name
drifella 2 #7872,1,token_name
drifella 2 #7852,1,token_name
firefight,1,background
drifella 2 #2575,1,token_name
house party  nearby im bringing weird guys,1,background
drifella 2 #6886,1,token_name
drifella 2 #6875,1,token_name
world war 2,1,background
drifella 2 #3018,1,token_name
drifella 2 #8476,1,token_name
drifella 2 #6493,1,token_name
drifella 2 #8843,1,token_name
drifella 2 #7660,1,token_name
drifella 2 #6926,1,token_name
drifella 2 #9216,1,token_name
drifella 2 #1690,1,token_name
shackled,1,right_hand
drifella 2 #9707,1,token_name
drifella 2 #678,1,token_name
drifella 2 #6283,1,token_name
drifella 2 #9469,1,token_name
drifella 2 #9783,1,token_name
drifella 2 #7345,1,token_name
drifella 2 #8883,1,token_name
drifella 2 #9394,1,token_name
drifella 2 #2581,1,token_name
drifella 2 #8928,1,token_name
drifella 2 #5080,1,token_name
drifella 2 #6805,1,token_name
drifella 2 #6364,1,token_name
ren and stimpy bg1,1,background
drifella 2 #9410,1,token_name
evangelion,1,background
drifella 2 #1133,1,token_name
black demon sketch,1,body
my favorite cards,1,left_hand
drifella 2 #889,1,token_name
drifella 2 #5111,1,token_name
colored pencil,1,body
drifella 2 #8224,1,token_name
floppy disks,1,left_hand
drifella 2 #4009,1,token_name
drifella 2 #1327,1,token_name
drifella 2 #4726,1,token_name
drifella 2 #6622,1,token_name
drifella 2 #5848,1,token_name
drifella 2 #6479,1,token_name
plush lilac,1,body
drifella 2 #433,1,token_name
mewtwo,1,background
drifella 2 #4321,1,token_name
drifella 2 #9678,1,token_name
number 46,1,overlay
drifella 2 #286,1,token_name
drifella 2 #6113,1,token_name
drifella 2 #2704,1,token_name
drifella 2 #3206,1,token_name
drifella 2 #1710,1,token_name
drifella 2 #5644,1,token_name
drifella 2 #1463,1,token_name
drifella 2 #5968,1,token_name
drifella 2 #1815,1,token_name
